ParametersID,ParameterName,ParameterNumberValue,ParameterUnit,ParameterNonNumberValue,assay_AssayID,assay_publication_DOI
1267292,Time of Measurement,0.248,Days,,1,10.1021/acs.est.7b01477
1267293,Concentration sodium ions,0.31,millimolar,,1,10.1021/acs.est.7b01477
1267294,concentration calcium ions,0.19,millimolar,,1,10.1021/acs.est.7b01477
1267295,Time of Measurement,0.856,Days,,2,10.1021/acs.est.7b01477
1267296,Concentration sodium ions,0.31,millimolar,,2,10.1021/acs.est.7b01477
1267297,concentration calcium ions,0.19,millimolar,,2,10.1021/acs.est.7b01477
1267298,Time of Measurement,3.932,Days,,3,10.1021/acs.est.7b01477
1267299,Concentration sodium ions,0.31,millimolar,,3,10.1021/acs.est.7b01477
1267300,concentration calcium ions,0.19,millimolar,,3,10.1021/acs.est.7b01477
1267301,Time of Measurement,4.936,Days,,4,10.1021/acs.est.7b01477
1267302,Concentration sodium ions,0.31,millimolar,,4,10.1021/acs.est.7b01477
1267303,concentration calcium ions,0.19,millimolar,,4,10.1021/acs.est.7b01477
1267304,Time of Measurement,5.879,Days,,5,10.1021/acs.est.7b01477
1267305,Concentration sodium ions,0.31,millimolar,,5,10.1021/acs.est.7b01477
1267306,concentration calcium ions,0.19,millimolar,,5,10.1021/acs.est.7b01477
1267307,Time of Measurement,6.909,Days,,6,10.1021/acs.est.7b01477
1267308,Concentration sodium ions,0.31,millimolar,,6,10.1021/acs.est.7b01477
1267309,concentration calcium ions,0.19,millimolar,,6,10.1021/acs.est.7b01477
1267310,Time of Measurement,7.888,Days,,7,10.1021/acs.est.7b01477
1267311,Concentration sodium ions,0.31,millimolar,,7,10.1021/acs.est.7b01477
1267312,concentration calcium ions,0.19,millimolar,,7,10.1021/acs.est.7b01477
1267313,Time of Measurement,0.012,Days,,8,10.1021/acs.est.7b01477
1267314,Concentration sodium ions,1,millimolar,,8,10.1021/acs.est.7b01477
1267315,concentration calcium ions,0.19,millimolar,,8,10.1021/acs.est.7b01477
1267316,Time of Measurement,0.248,Days,,9,10.1021/acs.est.7b01477
1267317,Concentration sodium ions,1,millimolar,,9,10.1021/acs.est.7b01477
1267318,concentration calcium ions,0.19,millimolar,,9,10.1021/acs.est.7b01477
1267319,Time of Measurement,0.843,Days,,10,10.1021/acs.est.7b01477
1267320,Concentration sodium ions,1,millimolar,,10,10.1021/acs.est.7b01477
1267321,concentration calcium ions,0.19,millimolar,,10,10.1021/acs.est.7b01477
1267322,Time of Measurement,1.86,Days,,11,10.1021/acs.est.7b01477
1267323,Concentration sodium ions,1,millimolar,,11,10.1021/acs.est.7b01477
1267324,concentration calcium ions,0.19,millimolar,,11,10.1021/acs.est.7b01477
1267325,Time of Measurement,3.932,Days,,12,10.1021/acs.est.7b01477
1267326,Concentration sodium ions,1,millimolar,,12,10.1021/acs.est.7b01477
1267327,concentration calcium ions,0.19,millimolar,,12,10.1021/acs.est.7b01477
1267328,Time of Measurement,4.936,Days,,13,10.1021/acs.est.7b01477
1267329,Concentration sodium ions,1,millimolar,,13,10.1021/acs.est.7b01477
1267330,concentration calcium ions,0.19,millimolar,,13,10.1021/acs.est.7b01477
1267331,Time of Measurement,5.879,Days,,14,10.1021/acs.est.7b01477
1267332,Concentration sodium ions,1,millimolar,,14,10.1021/acs.est.7b01477
1267333,concentration calcium ions,0.19,millimolar,,14,10.1021/acs.est.7b01477
1267334,Time of Measurement,6.909,Days,,15,10.1021/acs.est.7b01477
1267335,Concentration sodium ions,1,millimolar,,15,10.1021/acs.est.7b01477
1267336,concentration calcium ions,0.19,millimolar,,15,10.1021/acs.est.7b01477
1267337,Time of Measurement,7.888,Days,,16,10.1021/acs.est.7b01477
1267338,Concentration sodium ions,1,millimolar,,16,10.1021/acs.est.7b01477
1267339,concentration calcium ions,0.19,millimolar,,16,10.1021/acs.est.7b01477
1267340,Time of Measurement,0.012,Days,,17,10.1021/acs.est.7b01477
1267341,Concentration sodium ions,1,millimolar,,17,10.1021/acs.est.7b01477
1267342,concentration calcium ions,0.19,millimolar,,17,10.1021/acs.est.7b01477
1267343,Time of Measurement,0.087,Days,,18,10.1021/acs.est.7b01477
1267344,Concentration sodium ions,10,millimolar,,18,10.1021/acs.est.7b01477
1267345,concentration calcium ions,0.19,millimolar,,18,10.1021/acs.est.7b01477
1267346,Time of Measurement,0.248,Days,,19,10.1021/acs.est.7b01477
1267347,Concentration sodium ions,10,millimolar,,19,10.1021/acs.est.7b01477
1267348,concentration calcium ions,0.19,millimolar,,19,10.1021/acs.est.7b01477
1267349,Time of Measurement,0.843,Days,,20,10.1021/acs.est.7b01477
1267350,Concentration sodium ions,10,millimolar,,20,10.1021/acs.est.7b01477
1267351,concentration calcium ions,0.19,millimolar,,20,10.1021/acs.est.7b01477
1267352,Time of Measurement,1.86,Days,,21,10.1021/acs.est.7b01477
1267353,Concentration sodium ions,10,millimolar,,21,10.1021/acs.est.7b01477
1267354,concentration calcium ions,0.19,millimolar,,21,10.1021/acs.est.7b01477
1267355,Time of Measurement,3.932,Days,,22,10.1021/acs.est.7b01477
1267356,Concentration sodium ions,10,millimolar,,22,10.1021/acs.est.7b01477
1267357,concentration calcium ions,0.19,millimolar,,22,10.1021/acs.est.7b01477
1267358,Time of Measurement,4.936,Days,,23,10.1021/acs.est.7b01477
1267359,Concentration sodium ions,10,millimolar,,23,10.1021/acs.est.7b01477
1267360,concentration calcium ions,0.19,millimolar,,23,10.1021/acs.est.7b01477
1267361,Time of Measurement,5.879,Days,,24,10.1021/acs.est.7b01477
1267362,Concentration sodium ions,10,millimolar,,24,10.1021/acs.est.7b01477
1267363,concentration calcium ions,0.19,millimolar,,24,10.1021/acs.est.7b01477
1267364,Time of Measurement,6.896,Days,,25,10.1021/acs.est.7b01477
1267365,Concentration sodium ions,10,millimolar,,25,10.1021/acs.est.7b01477
1267366,concentration calcium ions,0.19,millimolar,,25,10.1021/acs.est.7b01477
1267367,Time of Measurement,7.888,Days,,26,10.1021/acs.est.7b01477
1267368,Concentration sodium ions,10,millimolar,,26,10.1021/acs.est.7b01477
1267369,concentration calcium ions,0.19,millimolar,,26,10.1021/acs.est.7b01477
1267370,Time of Measurement,0.087,Days,,27,10.1021/acs.est.7b01477
1267371,concentration calcium ions,0.4,millimolar,,27,10.1021/acs.est.7b01477
1267372,Concentration sodium ions,0.31,millimolar,,27,10.1021/acs.est.7b01477
1267373,Time of Measurement,0.26,Days,,28,10.1021/acs.est.7b01477
1267374,concentration calcium ions,0.4,millimolar,,28,10.1021/acs.est.7b01477
1267375,Concentration sodium ions,0.31,millimolar,,28,10.1021/acs.est.7b01477
1267376,Time of Measurement,0.856,Days,,29,10.1021/acs.est.7b01477
1267377,concentration calcium ions,0.4,millimolar,,29,10.1021/acs.est.7b01477
1267378,Concentration sodium ions,0.31,millimolar,,29,10.1021/acs.est.7b01477
1267379,Time of Measurement,1.86,Days,,30,10.1021/acs.est.7b01477
1267380,concentration calcium ions,0.4,millimolar,,30,10.1021/acs.est.7b01477
1267381,Concentration sodium ions,0.31,millimolar,,30,10.1021/acs.est.7b01477
1267382,Time of Measurement,3.944,Days,,31,10.1021/acs.est.7b01477
1267383,concentration calcium ions,0.4,millimolar,,31,10.1021/acs.est.7b01477
1267384,Concentration sodium ions,0.31,millimolar,,31,10.1021/acs.est.7b01477
1267385,Time of Measurement,4.936,Days,,32,10.1021/acs.est.7b01477
1267386,concentration calcium ions,0.4,millimolar,,32,10.1021/acs.est.7b01477
1267387,Concentration sodium ions,0.31,millimolar,,32,10.1021/acs.est.7b01477
1267388,Time of Measurement,5.879,Days,,33,10.1021/acs.est.7b01477
1267389,concentration calcium ions,0.4,millimolar,,33,10.1021/acs.est.7b01477
1267390,Concentration sodium ions,0.31,millimolar,,33,10.1021/acs.est.7b01477
1267391,Time of Measurement,6.909,Days,,34,10.1021/acs.est.7b01477
1267392,concentration calcium ions,0.4,millimolar,,34,10.1021/acs.est.7b01477
1267393,Concentration sodium ions,0.31,millimolar,,34,10.1021/acs.est.7b01477
1267394,Time of Measurement,7.888,Days,,35,10.1021/acs.est.7b01477
1267395,concentration calcium ions,0.4,millimolar,,35,10.1021/acs.est.7b01477
1267396,Concentration sodium ions,0.31,millimolar,,35,10.1021/acs.est.7b01477
1267397,Time of Measurement,0.087,Days,,36,10.1021/acs.est.7b01477
1267398,concentration calcium ions,0.6,millimolar,,36,10.1021/acs.est.7b01477
1267399,Concentration sodium ions,0.31,millimolar,,36,10.1021/acs.est.7b01477
1267400,Time of Measurement,0.012,Days,,37,10.1021/acs.est.7b01477
1267401,concentration calcium ions,0.6,millimolar,,37,10.1021/acs.est.7b01477
1267402,Concentration sodium ions,0.31,millimolar,,37,10.1021/acs.est.7b01477
1267403,Time of Measurement,0.248,Days,,38,10.1021/acs.est.7b01477
1267404,concentration calcium ions,0.6,millimolar,,38,10.1021/acs.est.7b01477
1267405,Concentration sodium ions,0.31,millimolar,,38,10.1021/acs.est.7b01477
1267406,Time of Measurement,0.856,Days,,39,10.1021/acs.est.7b01477
1267407,concentration calcium ions,0.6,millimolar,,39,10.1021/acs.est.7b01477
1267408,Concentration sodium ions,0.31,millimolar,,39,10.1021/acs.est.7b01477
1267409,Time of Measurement,1.86,Days,,40,10.1021/acs.est.7b01477
1267410,concentration calcium ions,0.6,millimolar,,40,10.1021/acs.est.7b01477
1267411,Concentration sodium ions,0.31,millimolar,,40,10.1021/acs.est.7b01477
1267412,Time of Measurement,3.932,Days,,41,10.1021/acs.est.7b01477
1267413,concentration calcium ions,0.6,millimolar,,41,10.1021/acs.est.7b01477
1267414,Concentration sodium ions,0.31,millimolar,,41,10.1021/acs.est.7b01477
1267415,Time of Measurement,4.936,Days,,42,10.1021/acs.est.7b01477
1267416,concentration calcium ions,0.6,millimolar,,42,10.1021/acs.est.7b01477
1267417,Concentration sodium ions,0.31,millimolar,,42,10.1021/acs.est.7b01477
1267418,Time of Measurement,5.879,Days,,43,10.1021/acs.est.7b01477
1267419,concentration calcium ions,0.6,millimolar,,43,10.1021/acs.est.7b01477
1267420,Concentration sodium ions,0.31,millimolar,,43,10.1021/acs.est.7b01477
1267421,Time of Measurement,6.909,Days,,44,10.1021/acs.est.7b01477
1267422,concentration calcium ions,0.6,millimolar,,44,10.1021/acs.est.7b01477
1267423,Concentration sodium ions,0.31,millimolar,,44,10.1021/acs.est.7b01477
1267424,Time of Measurement,7.888,Days,,45,10.1021/acs.est.7b01477
1267425,concentration calcium ions,0.6,millimolar,,45,10.1021/acs.est.7b01477
1267426,Concentration sodium ions,0.31,millimolar,,45,10.1021/acs.est.7b01477
1267427,Time of Measurement,0.012,Days,,46,10.1021/acs.est.7b01477
1267428,concentration calcium ions,1,millimolar,,46,10.1021/acs.est.7b01477
1267429,Concentration sodium ions,0.31,millimolar,,46,10.1021/acs.est.7b01477
1267430,Time of Measurement,0.087,Days,,47,10.1021/acs.est.7b01477
1267431,concentration calcium ions,1,millimolar,,47,10.1021/acs.est.7b01477
1267432,Concentration sodium ions,0.31,millimolar,,47,10.1021/acs.est.7b01477
1267433,Time of Measurement,0.248,Days,,48,10.1021/acs.est.7b01477
1267434,concentration calcium ions,1,millimolar,,48,10.1021/acs.est.7b01477
1267435,Concentration sodium ions,0.31,millimolar,,48,10.1021/acs.est.7b01477
1267436,Time of Measurement,0.856,Days,,49,10.1021/acs.est.7b01477
1267437,concentration calcium ions,1,millimolar,,49,10.1021/acs.est.7b01477
1267438,Concentration sodium ions,0.31,millimolar,,49,10.1021/acs.est.7b01477
1267439,Time of Measurement,1.86,Days,,50,10.1021/acs.est.7b01477
1267440,concentration calcium ions,1,millimolar,,50,10.1021/acs.est.7b01477
1267441,Concentration sodium ions,0.31,millimolar,,50,10.1021/acs.est.7b01477
1267442,Time of Measurement,3.932,Days,,51,10.1021/acs.est.7b01477
1267443,concentration calcium ions,1,millimolar,,51,10.1021/acs.est.7b01477
1267444,Concentration sodium ions,0.31,millimolar,,51,10.1021/acs.est.7b01477
1267445,Time of Measurement,4.936,Days,,52,10.1021/acs.est.7b01477
1267446,concentration calcium ions,1,millimolar,,52,10.1021/acs.est.7b01477
1267447,Concentration sodium ions,0.31,millimolar,,52,10.1021/acs.est.7b01477
1267448,Time of Measurement,5.879,Days,,53,10.1021/acs.est.7b01477
1267449,concentration calcium ions,1,millimolar,,53,10.1021/acs.est.7b01477
1267450,Concentration sodium ions,0.31,millimolar,,53,10.1021/acs.est.7b01477
1267451,Time of Measurement,6.921,Days,,54,10.1021/acs.est.7b01477
1267452,concentration calcium ions,1,millimolar,,54,10.1021/acs.est.7b01477
1267453,Concentration sodium ions,0.31,millimolar,,54,10.1021/acs.est.7b01477
1267454,Time of Measurement,7.888,Days,,55,10.1021/acs.est.7b01477
1267455,concentration calcium ions,1,millimolar,,55,10.1021/acs.est.7b01477
1267456,Concentration sodium ions,0.31,millimolar,,55,10.1021/acs.est.7b01477
1267457,Time of Measurement,0,Days,,56,10.1021/acs.est.7b01477
1267458,Concentration sodium ions,0.31,millimolar,,56,10.1021/acs.est.7b01477
1267459,concentration calcium ions,0.19,millimolar,,56,10.1021/acs.est.7b01477
1267460,Time of Measurement,0.074,Days,,57,10.1021/acs.est.7b01477
1267461,Concentration sodium ions,0.31,millimolar,,57,10.1021/acs.est.7b01477
1267462,concentration calcium ions,0.19,millimolar,,57,10.1021/acs.est.7b01477
1267463,Time of Measurement,0.248,Days,,58,10.1021/acs.est.7b01477
1267464,Concentration sodium ions,0.31,millimolar,,58,10.1021/acs.est.7b01477
1267465,concentration calcium ions,0.19,millimolar,,58,10.1021/acs.est.7b01477
1267466,Time of Measurement,0.843,Days,,59,10.1021/acs.est.7b01477
1267467,Concentration sodium ions,0.31,millimolar,,59,10.1021/acs.est.7b01477
1267468,concentration calcium ions,0.19,millimolar,,59,10.1021/acs.est.7b01477
1267469,Time of Measurement,1.86,Days,,60,10.1021/acs.est.7b01477
1267470,Concentration sodium ions,0.31,millimolar,,60,10.1021/acs.est.7b01477
1267471,concentration calcium ions,0.19,millimolar,,60,10.1021/acs.est.7b01477
1267472,Time of Measurement,3.932,Days,,61,10.1021/acs.est.7b01477
1267473,Concentration sodium ions,0.31,millimolar,,61,10.1021/acs.est.7b01477
1267474,concentration calcium ions,0.19,millimolar,,61,10.1021/acs.est.7b01477
1267475,Time of Measurement,4.936,Days,,62,10.1021/acs.est.7b01477
1267476,Concentration sodium ions,0.31,millimolar,,62,10.1021/acs.est.7b01477
1267477,concentration calcium ions,0.19,millimolar,,62,10.1021/acs.est.7b01477
1267478,Time of Measurement,5.879,Days,,63,10.1021/acs.est.7b01477
1267479,Concentration sodium ions,0.31,millimolar,,63,10.1021/acs.est.7b01477
1267480,concentration calcium ions,0.19,millimolar,,63,10.1021/acs.est.7b01477
1267481,Time of Measurement,6.909,Days,,64,10.1021/acs.est.7b01477
1267482,Concentration sodium ions,0.31,millimolar,,64,10.1021/acs.est.7b01477
1267483,concentration calcium ions,0.19,millimolar,,64,10.1021/acs.est.7b01477
1267484,Time of Measurement,7.888,Days,,65,10.1021/acs.est.7b01477
1267485,Concentration sodium ions,0.31,millimolar,,65,10.1021/acs.est.7b01477
1267486,concentration calcium ions,0.19,millimolar,,65,10.1021/acs.est.7b01477
1267487,Time of Measurement,0,Days,,66,10.1021/acs.est.7b01477
1267488,concentration calcium ions,1,millimolar,,66,10.1021/acs.est.7b01477
1267489,concentration calcium ions,0.19,millimolar,,66,10.1021/acs.est.7b01477
1267490,Time of Measurement,0.074,Days,,67,10.1021/acs.est.7b01477
1267491,concentration calcium ions,1,millimolar,,67,10.1021/acs.est.7b01477
1267492,concentration calcium ions,0.19,millimolar,,67,10.1021/acs.est.7b01477
1267493,Time of Measurement,0.248,Days,,68,10.1021/acs.est.7b01477
1267494,concentration calcium ions,1,millimolar,,68,10.1021/acs.est.7b01477
1267495,concentration calcium ions,0.19,millimolar,,68,10.1021/acs.est.7b01477
1267496,Time of Measurement,0.843,Days,,69,10.1021/acs.est.7b01477
1267497,concentration calcium ions,1,millimolar,,69,10.1021/acs.est.7b01477
1267498,concentration calcium ions,0.19,millimolar,,69,10.1021/acs.est.7b01477
1267499,Time of Measurement,1.86,Days,,70,10.1021/acs.est.7b01477
1267500,concentration calcium ions,1,millimolar,,70,10.1021/acs.est.7b01477
1267501,concentration calcium ions,0.19,millimolar,,70,10.1021/acs.est.7b01477
1267502,Time of Measurement,3.932,Days,,71,10.1021/acs.est.7b01477
1267503,concentration calcium ions,1,millimolar,,71,10.1021/acs.est.7b01477
1267504,concentration calcium ions,0.19,millimolar,,71,10.1021/acs.est.7b01477
1267505,Time of Measurement,4.936,Days,,72,10.1021/acs.est.7b01477
1267506,concentration calcium ions,1,millimolar,,72,10.1021/acs.est.7b01477
1267507,concentration calcium ions,0.19,millimolar,,72,10.1021/acs.est.7b01477
1267508,Time of Measurement,5.879,Days,,73,10.1021/acs.est.7b01477
1267509,concentration calcium ions,1,millimolar,,73,10.1021/acs.est.7b01477
1267510,concentration calcium ions,0.19,millimolar,,73,10.1021/acs.est.7b01477
1267511,Time of Measurement,6.909,Days,,74,10.1021/acs.est.7b01477
1267512,concentration calcium ions,1,millimolar,,74,10.1021/acs.est.7b01477
1267513,concentration calcium ions,0.19,millimolar,,74,10.1021/acs.est.7b01477
1267514,Time of Measurement,7.888,Days,,75,10.1021/acs.est.7b01477
1267515,concentration calcium ions,1,millimolar,,75,10.1021/acs.est.7b01477
1267516,concentration calcium ions,0.19,millimolar,,75,10.1021/acs.est.7b01477
1267517,Time of Measurement,0,Days,,76,10.1021/acs.est.7b01477
1267518,Concentration sodium ions,10,millimolar,,76,10.1021/acs.est.7b01477
1267519,concentration calcium ions,0.19,millimolar,,76,10.1021/acs.est.7b01477
1267520,Time of Measurement,0.074,Days,,77,10.1021/acs.est.7b01477
1267521,Concentration sodium ions,10,millimolar,,77,10.1021/acs.est.7b01477
1267522,concentration calcium ions,0.19,millimolar,,77,10.1021/acs.est.7b01477
1267523,Time of Measurement,0.248,Days,,78,10.1021/acs.est.7b01477
1267524,Concentration sodium ions,10,millimolar,,78,10.1021/acs.est.7b01477
1267525,concentration calcium ions,0.19,millimolar,,78,10.1021/acs.est.7b01477
1267526,Time of Measurement,0.843,Days,,79,10.1021/acs.est.7b01477
1267527,Concentration sodium ions,10,millimolar,,79,10.1021/acs.est.7b01477
1267528,concentration calcium ions,0.19,millimolar,,79,10.1021/acs.est.7b01477
1267529,Time of Measurement,1.86,Days,,80,10.1021/acs.est.7b01477
1267530,Concentration sodium ions,10,millimolar,,80,10.1021/acs.est.7b01477
1267531,concentration calcium ions,0.19,millimolar,,80,10.1021/acs.est.7b01477
1267532,Time of Measurement,3.932,Days,,81,10.1021/acs.est.7b01477
1267533,Concentration sodium ions,10,millimolar,,81,10.1021/acs.est.7b01477
1267534,concentration calcium ions,0.19,millimolar,,81,10.1021/acs.est.7b01477
1267535,Time of Measurement,4.936,Days,,82,10.1021/acs.est.7b01477
1267536,Concentration sodium ions,10,millimolar,,82,10.1021/acs.est.7b01477
1267537,concentration calcium ions,0.19,millimolar,,82,10.1021/acs.est.7b01477
1267538,Time of Measurement,5.879,Days,,83,10.1021/acs.est.7b01477
1267539,Concentration sodium ions,10,millimolar,,83,10.1021/acs.est.7b01477
1267540,concentration calcium ions,0.19,millimolar,,83,10.1021/acs.est.7b01477
1267541,Time of Measurement,6.909,Days,,84,10.1021/acs.est.7b01477
1267542,Concentration sodium ions,10,millimolar,,84,10.1021/acs.est.7b01477
1267543,concentration calcium ions,0.19,millimolar,,84,10.1021/acs.est.7b01477
1267544,Time of Measurement,7.888,Days,,85,10.1021/acs.est.7b01477
1267545,Concentration sodium ions,10,millimolar,,85,10.1021/acs.est.7b01477
1267546,concentration calcium ions,0.19,millimolar,,85,10.1021/acs.est.7b01477
1267547,Model,NULL,,Water Quality Analysis Simulation Program,86,10.1021/acs.est.7b01477
1267548,Phase,NULL,,Aqueous,86,10.1021/acs.est.7b01477
1267549,River segment,NULL,,Upstream,86,10.1021/acs.est.7b01477
1267550,Model,NULL,,Water Quality Analysis Simulation Program,87,10.1021/acs.est.7b01477
1267551,Phase,NULL,,Silt,87,10.1021/acs.est.7b01477
1267552,River segment,NULL,,Upstream,87,10.1021/acs.est.7b01477
1267553,Model,NULL,,Water Quality Analysis Simulation Program,88,10.1021/acs.est.7b01477
1267554,Phase,NULL,,Clay,88,10.1021/acs.est.7b01477
1267555,River segment,NULL,,Upstream,88,10.1021/acs.est.7b01477
1267556,Model,NULL,,Water Quality Analysis Simulation Program,89,10.1021/acs.est.7b01477
1267557,Phase,NULL,,particulate organic matter,89,10.1021/acs.est.7b01477
1267558,River segment,NULL,,Upstream,89,10.1021/acs.est.7b01477
1267559,Model,NULL,,Water Quality Analysis Simulation Program,90,10.1021/acs.est.7b01477
1267560,Phase,NULL,,Silt,90,10.1021/acs.est.7b01477
1267561,River segment,NULL,,Upstream,90,10.1021/acs.est.7b01477
1267562,Model,NULL,,Water Quality Analysis Simulation Program,91,10.1021/acs.est.7b01477
1267563,Phase,NULL,,Clay,91,10.1021/acs.est.7b01477
1267564,River segment,NULL,,Upstream,91,10.1021/acs.est.7b01477
1267565,Model,NULL,,Water Quality Analysis Simulation Program,92,10.1021/acs.est.7b01477
1267566,Phase,NULL,,particulate organic matter,92,10.1021/acs.est.7b01477
1267567,River segment,NULL,,Upstream,92,10.1021/acs.est.7b01477
1267568,Model,NULL,,Water Quality Analysis Simulation Program,93,10.1021/acs.est.7b01477
1267569,Phase,NULL,,Aqueous,93,10.1021/acs.est.7b01477
1267570,River segment,NULL,,Midstream,93,10.1021/acs.est.7b01477
1267571,Model,NULL,,Water Quality Analysis Simulation Program,94,10.1021/acs.est.7b01477
1267572,Phase,NULL,,Silt,94,10.1021/acs.est.7b01477
1267573,River segment,NULL,,Midstream,94,10.1021/acs.est.7b01477
1267574,Model,NULL,,Water Quality Analysis Simulation Program,95,10.1021/acs.est.7b01477
1267575,Phase,NULL,,Clay,95,10.1021/acs.est.7b01477
1267576,River segment,NULL,,Midstream,95,10.1021/acs.est.7b01477
1267577,Model,NULL,,Water Quality Analysis Simulation Program,96,10.1021/acs.est.7b01477
1267578,Phase,NULL,,particulate organic matter,96,10.1021/acs.est.7b01477
1267579,River segment,NULL,,Midstream,96,10.1021/acs.est.7b01477
1267580,Model,NULL,,Water Quality Analysis Simulation Program,97,10.1021/acs.est.7b01477
1267581,Phase,NULL,,Silt,97,10.1021/acs.est.7b01477
1267582,River segment,NULL,,Midstream,97,10.1021/acs.est.7b01477
1267583,Model,NULL,,Water Quality Analysis Simulation Program,98,10.1021/acs.est.7b01477
1267584,Phase,NULL,,Clay,98,10.1021/acs.est.7b01477
1267585,River segment,NULL,,Midstream,98,10.1021/acs.est.7b01477
1267586,Model,NULL,,Water Quality Analysis Simulation Program,99,10.1021/acs.est.7b01477
1267587,Phase,NULL,,particulate organic matter,99,10.1021/acs.est.7b01477
1267588,River segment,NULL,,Midstream,99,10.1021/acs.est.7b01477
1267589,Model,NULL,,Water Quality Analysis Simulation Program,100,10.1021/acs.est.7b01477
1267590,Phase,NULL,,Aqueous,100,10.1021/acs.est.7b01477
1267591,River segment,NULL,,Downstream,100,10.1021/acs.est.7b01477
1267592,Model,NULL,,Water Quality Analysis Simulation Program,101,10.1021/acs.est.7b01477
1267593,Phase,NULL,,Silt,101,10.1021/acs.est.7b01477
1267594,River segment,NULL,,Downstream,101,10.1021/acs.est.7b01477
1267595,Model,NULL,,Water Quality Analysis Simulation Program,102,10.1021/acs.est.7b01477
1267596,Phase,NULL,,Clay,102,10.1021/acs.est.7b01477
1267597,River segment,NULL,,Downstream,102,10.1021/acs.est.7b01477
1267598,Model,NULL,,Water Quality Analysis Simulation Program,103,10.1021/acs.est.7b01477
1267599,Phase,NULL,,particulate organic matter,103,10.1021/acs.est.7b01477
1267600,River segment,NULL,,Downstream,103,10.1021/acs.est.7b01477
1267601,Model,NULL,,Water Quality Analysis Simulation Program,104,10.1021/acs.est.7b01477
1267602,Phase,NULL,,Silt,104,10.1021/acs.est.7b01477
1267603,River segment,NULL,,Downstream,104,10.1021/acs.est.7b01477
1267604,Model,NULL,,Water Quality Analysis Simulation Program,105,10.1021/acs.est.7b01477
1267605,Phase,NULL,,Clay,105,10.1021/acs.est.7b01477
1267606,River segment,NULL,,Downstream,105,10.1021/acs.est.7b01477
1267607,Model,NULL,,Water Quality Analysis Simulation Program,106,10.1021/acs.est.7b01477
1267608,Phase,NULL,,particulate organic matter,106,10.1021/acs.est.7b01477
1267609,River segment,NULL,,Downstream,106,10.1021/acs.est.7b01477
1267610,Concentration sodium ions,0.31,millimolar,,107,10.1021/acs.est.7b01477
1267611,concentration calcium ions,0.19,millimolar,,107,10.1021/acs.est.7b01477
1267612,Concentration sodium ions,1,millimolar,,108,10.1021/acs.est.7b01477
1267613,concentration calcium ions,0.19,millimolar,,108,10.1021/acs.est.7b01477
1267614,Concentration sodium ions,10,millimolar,,109,10.1021/acs.est.7b01477
1267615,concentration calcium ions,0.19,millimolar,,109,10.1021/acs.est.7b01477
1267616,concentration calcium ions,0.4,millimolar,,110,10.1021/acs.est.7b01477
1267617,Concentration sodium ions,0.31,millimolar,,110,10.1021/acs.est.7b01477
1267618,concentration calcium ions,0.6,millimolar,,111,10.1021/acs.est.7b01477
1267619,Concentration sodium ions,0.31,millimolar,,111,10.1021/acs.est.7b01477
1267620,concentration calcium ions,1,millimolar,,112,10.1021/acs.est.7b01477
1267621,Concentration sodium ions,0.31,millimolar,,112,10.1021/acs.est.7b01477
1267622,Concentration sodium ions,0.31,millimolar,,114,10.1021/acs.est.7b01477
1267623,concentration calcium ions,0.19,millimolar,,114,10.1021/acs.est.7b01477
1267624,Concentration sodium ions,1,millimolar,,115,10.1021/acs.est.7b01477
1267625,concentration calcium ions,0.19,millimolar,,115,10.1021/acs.est.7b01477
1267626,Concentration sodium ions,5,millimolar,,116,10.1021/acs.est.7b01477
1267627,concentration calcium ions,0.19,millimolar,,116,10.1021/acs.est.7b01477
1267628,Concentration sodium ions,10,millimolar,,117,10.1021/acs.est.7b01477
1267629,concentration calcium ions,0.19,millimolar,,117,10.1021/acs.est.7b01477
1267630,Concentration sodium ions,0.31,millimolar,,118,10.1021/acs.est.7b01477
1267631,concentration calcium ions,0.4,millimolar,,118,10.1021/acs.est.7b01477
1267632,Concentration sodium ions,0.31,millimolar,,119,10.1021/acs.est.7b01477
1267633,concentration calcium ions,0.6,millimolar,,119,10.1021/acs.est.7b01477
1267634,Concentration sodium ions,0.31,millimolar,,120,10.1021/acs.est.7b01477
1267635,concentration calcium ions,1,millimolar,,120,10.1021/acs.est.7b01477
1267636,Concentration sodium ions,0.31,millimolar,,121,10.1021/acs.est.7b01477
1267637,concentration calcium ions,0.19,millimolar,,121,10.1021/acs.est.7b01477
1267638,Concentration sodium ions,1,millimolar,,122,10.1021/acs.est.7b01477
1267639,concentration calcium ions,0.19,millimolar,,122,10.1021/acs.est.7b01477
1267640,Concentration sodium ions,5,millimolar,,123,10.1021/acs.est.7b01477
1267641,concentration calcium ions,0.19,millimolar,,123,10.1021/acs.est.7b01477
1267642,Concentration sodium ions,10,millimolar,,124,10.1021/acs.est.7b01477
1267643,concentration calcium ions,0.19,millimolar,,124,10.1021/acs.est.7b01477
1267644,Concentration sodium ions,0.31,millimolar,,125,10.1021/acs.est.7b01477
1267645,concentration calcium ions,0.4,millimolar,,125,10.1021/acs.est.7b01477
1267646,Concentration sodium ions,0.31,millimolar,,126,10.1021/acs.est.7b01477
1267647,concentration calcium ions,0.6,millimolar,,126,10.1021/acs.est.7b01477
1267648,Concentration sodium ions,0.31,millimolar,,127,10.1021/acs.est.7b01477
1267649,concentration calcium ions,1,millimolar,,127,10.1021/acs.est.7b01477
1274244,Concentration sodium chloride,1,millimolar,,1,10.1021/acs.est.5b01041
1274245,Concentration sodium chloride,5,millimolar,,2,10.1021/acs.est.5b01041
1274246,Concentration sodium chloride,10,millimolar,,3,10.1021/acs.est.5b01041
1274247,Concentration sodium chloride,50,millimolar,,4,10.1021/acs.est.5b01041
1274248,Concentration sodium chloride,100,millimolar,,5,10.1021/acs.est.5b01041
1274249,Concentration sodium chloride,1,millimolar,,6,10.1021/acs.est.5b01041
1274250,Concentration sodium chloride,5,millimolar,,7,10.1021/acs.est.5b01041
1274251,Concentration sodium chloride,10,millimolar,,8,10.1021/acs.est.5b01041
1274252,Concentration sodium chloride,50,millimolar,,9,10.1021/acs.est.5b01041
1274253,Concentration sodium chloride,100,millimolar,,10,10.1021/acs.est.5b01041
1274254,Concentration sodium chloride,1,millimolar,,11,10.1021/acs.est.5b01041
1274255,Concentration sodium chloride,5,millimolar,,12,10.1021/acs.est.5b01041
1274256,Concentration sodium chloride,10,millimolar,,13,10.1021/acs.est.5b01041
1274257,Concentration sodium chloride,50,millimolar,,14,10.1021/acs.est.5b01041
1274258,Concentration sodium chloride,100,millimolar,,15,10.1021/acs.est.5b01041
1274259,Concentration sodium chloride,1,millimolar,,16,10.1021/acs.est.5b01041
1274260,Concentration sodium chloride,5,millimolar,,17,10.1021/acs.est.5b01041
1274261,Concentration sodium chloride,10,millimolar,,18,10.1021/acs.est.5b01041
1274262,Concentration sodium chloride,50,millimolar,,19,10.1021/acs.est.5b01041
1274263,Concentration sodium chloride,100,millimolar,,20,10.1021/acs.est.5b01041
1274264,Concentration sodium chloride,1.00558,millimolar,,21,10.1021/acs.est.5b01041
1274265,Concentration sodium chloride,1.80404,millimolar,,22,10.1021/acs.est.5b01041
1274266,Concentration sodium chloride,2.8004,millimolar,,23,10.1021/acs.est.5b01041
1274267,Concentration sodium chloride,3.86749,millimolar,,24,10.1021/acs.est.5b01041
1274268,Concentration sodium chloride,5.13709,millimolar,,25,10.1021/acs.est.5b01041
1274269,Concentration sodium chloride,6.38258,millimolar,,26,10.1021/acs.est.5b01041
1274270,Concentration sodium chloride,7.93003,millimolar,,27,10.1021/acs.est.5b01041
1274271,Concentration sodium chloride,11.0129,millimolar,,28,10.1021/acs.est.5b01041
1274272,Concentration sodium chloride,14.3859,millimolar,,29,10.1021/acs.est.5b01041
1274273,Concentration sodium chloride,22.084,millimolar,,30,10.1021/acs.est.5b01041
1274274,Concentration sodium chloride,31.0127,millimolar,,31,10.1021/acs.est.5b01041
1274275,Concentration sodium chloride,36.2432,millimolar,,32,10.1021/acs.est.5b01041
1274276,Concentration sodium chloride,2.78485,millimolar,,33,10.1021/acs.est.5b01041
1274277,Concentration sodium chloride,7.93003,millimolar,,34,10.1021/acs.est.5b01041
1274278,Concentration sodium chloride,14.547,millimolar,,35,10.1021/acs.est.5b01041
1274279,Concentration sodium chloride,22.4559,millimolar,,36,10.1021/acs.est.5b01041
1274280,Concentration sodium chloride,31.1858,millimolar,,37,10.1021/acs.est.5b01041
1274281,Concentration sodium chloride,57.5269,millimolar,,38,10.1021/acs.est.5b01041
1274282,Concentration sodium chloride,86.8478,millimolar,,39,10.1021/acs.est.5b01041
1274283,Concentration sodium chloride,161.098,millimolar,,40,10.1021/acs.est.5b01041
1274284,Concentration sodium chloride,59.141,millimolar,,41,10.1021/acs.est.5b01041
1274285,Concentration sodium chloride,79.2091,millimolar,,42,10.1021/acs.est.5b01041
1274286,Concentration sodium chloride,98.9256,millimolar,,43,10.1021/acs.est.5b01041
1274287,Concentration sodium chloride,108.506,millimolar,,44,10.1021/acs.est.5b01041
1274288,Concentration sodium chloride,123.913,millimolar,,45,10.1021/acs.est.5b01041
1274289,Concentration sodium chloride,147.459,millimolar,,46,10.1021/acs.est.5b01041
1274290,Concentration sodium chloride,172.257,millimolar,,47,10.1021/acs.est.5b01041
1274291,Concentration sodium chloride,195.428,millimolar,,48,10.1021/acs.est.5b01041
1274292,Concentration sodium chloride,221.722,millimolar,,49,10.1021/acs.est.5b01041
1274293,Concentration sodium chloride,247.847,millimolar,,50,10.1021/acs.est.5b01041
1274294,Concentration sodium chloride,49.4885,millimolar,,51,10.1021/acs.est.5b01041
1274295,Concentration sodium chloride,79.2482,millimolar,,52,10.1021/acs.est.5b01041
1274296,Concentration sodium chloride,98.8426,millimolar,,53,10.1021/acs.est.5b01041
1274297,Concentration sodium chloride,108.002,millimolar,,54,10.1021/acs.est.5b01041
1274298,Concentration sodium chloride,122.504,millimolar,,55,10.1021/acs.est.5b01041
1274299,Concentration sodium chloride,147.462,millimolar,,56,10.1021/acs.est.5b01041
1274300,Concentration sodium chloride,197.661,millimolar,,57,10.1021/acs.est.5b01041
1274301,Concentration sodium chloride,247.899,millimolar,,58,10.1021/acs.est.5b01041
1274302,Concentration sodium chloride,297.326,millimolar,,59,10.1021/acs.est.5b01041
1274303,Concentration sodium chloride,492.716,millimolar,,60,10.1021/acs.est.5b01041
1274304,Concentration sodium chloride,641.368,millimolar,,61,10.1021/acs.est.5b01041
1274305,Concentration sodium chloride,786.7,millimolar,,62,10.1021/acs.est.5b01041
1274306,particle concentration,8,milligrams/liter,,63,10.1021/acs.est.5b01041
1274307,pH,7,pH,,63,10.1021/acs.est.5b01041
1274308,"Concentration trans,trans-hexadienoate",100,micromolar,,63,10.1021/acs.est.5b01041
1274309,Light,NULL,,366 nm,63,10.1021/acs.est.5b01041
1274310,Time of Measurement,0,hours,,63,10.1021/acs.est.5b01041
1274311,particle concentration,8,milligrams/liter,,64,10.1021/acs.est.5b01041
1274312,pH,7,pH,,64,10.1021/acs.est.5b01041
1274313,"Concentration trans,trans-hexadienoate",100,micromolar,,64,10.1021/acs.est.5b01041
1274314,Light,NULL,,366 nm,64,10.1021/acs.est.5b01041
1274315,Time of Measurement,7,hours,,64,10.1021/acs.est.5b01041
1274316,particle concentration,8,milligrams/liter,,65,10.1021/acs.est.5b01041
1274317,pH,7,pH,,65,10.1021/acs.est.5b01041
1274318,"Concentration trans,trans-hexadienoate",100,micromolar,,65,10.1021/acs.est.5b01041
1274319,Light,NULL,,366 nm,65,10.1021/acs.est.5b01041
1274320,Time of Measurement,24,hours,,65,10.1021/acs.est.5b01041
1274321,particle concentration,8,milligrams/liter,,66,10.1021/acs.est.5b01041
1274322,pH,7,pH,,66,10.1021/acs.est.5b01041
1274323,"Concentration trans,trans-hexadienoate",100,micromolar,,66,10.1021/acs.est.5b01041
1274324,Light,NULL,,366 nm,66,10.1021/acs.est.5b01041
1274325,Time of Measurement,49,hours,,66,10.1021/acs.est.5b01041
1274326,particle concentration,8,milligrams/liter,,67,10.1021/acs.est.5b01041
1274327,pH,7,pH,,67,10.1021/acs.est.5b01041
1274328,"Concentration trans,trans-hexadienoate",100,micromolar,,67,10.1021/acs.est.5b01041
1274329,Light,NULL,,366 nm,67,10.1021/acs.est.5b01041
1274330,Time of Measurement,73,hours,,67,10.1021/acs.est.5b01041
1274331,particle concentration,8,milligrams/liter,,68,10.1021/acs.est.5b01041
1274332,pH,7,pH,,68,10.1021/acs.est.5b01041
1274333,"Concentration trans,trans-hexadienoate",100,micromolar,,68,10.1021/acs.est.5b01041
1274334,Light,NULL,,366 nm,68,10.1021/acs.est.5b01041
1274335,Time of Measurement,92,hours,,68,10.1021/acs.est.5b01041
1274336,particle concentration,8,milligrams/liter,,69,10.1021/acs.est.5b01041
1274337,pH,7,pH,,69,10.1021/acs.est.5b01041
1274338,"Concentration trans,trans-hexadienoate",100,micromolar,,69,10.1021/acs.est.5b01041
1274339,Light,NULL,,366 nm,69,10.1021/acs.est.5b01041
1274340,Time of Measurement,113,hours,,69,10.1021/acs.est.5b01041
1274341,particle concentration,8,milligrams/liter,,70,10.1021/acs.est.5b01041
1274342,pH,7,pH,,70,10.1021/acs.est.5b01041
1274343,"Concentration trans,trans-hexadienoate",100,micromolar,,70,10.1021/acs.est.5b01041
1274344,Light,NULL,,366 nm,70,10.1021/acs.est.5b01041
1274345,Time of Measurement,0,hours,,70,10.1021/acs.est.5b01041
1274346,particle concentration,8,milligrams/liter,,71,10.1021/acs.est.5b01041
1274347,pH,7,pH,,71,10.1021/acs.est.5b01041
1274348,"Concentration trans,trans-hexadienoate",100,micromolar,,71,10.1021/acs.est.5b01041
1274349,Light,NULL,,366 nm,71,10.1021/acs.est.5b01041
1274350,Time of Measurement,7,hours,,71,10.1021/acs.est.5b01041
1274351,particle concentration,8,milligrams/liter,,72,10.1021/acs.est.5b01041
1274352,pH,7,pH,,72,10.1021/acs.est.5b01041
1274353,"Concentration trans,trans-hexadienoate",100,micromolar,,72,10.1021/acs.est.5b01041
1274354,Light,NULL,,366 nm,72,10.1021/acs.est.5b01041
1274355,Time of Measurement,24,hours,,72,10.1021/acs.est.5b01041
1274356,particle concentration,8,milligrams/liter,,73,10.1021/acs.est.5b01041
1274357,pH,7,pH,,73,10.1021/acs.est.5b01041
1274358,"Concentration trans,trans-hexadienoate",100,micromolar,,73,10.1021/acs.est.5b01041
1274359,Light,NULL,,366 nm,73,10.1021/acs.est.5b01041
1274360,Time of Measurement,49,hours,,73,10.1021/acs.est.5b01041
1274361,particle concentration,8,milligrams/liter,,74,10.1021/acs.est.5b01041
1274362,pH,7,pH,,74,10.1021/acs.est.5b01041
1274363,"Concentration trans,trans-hexadienoate",100,micromolar,,74,10.1021/acs.est.5b01041
1274364,Light,NULL,,366 nm,74,10.1021/acs.est.5b01041
1274365,Time of Measurement,73,hours,,74,10.1021/acs.est.5b01041
1274366,particle concentration,8,milligrams/liter,,75,10.1021/acs.est.5b01041
1274367,pH,7,pH,,75,10.1021/acs.est.5b01041
1274368,"Concentration trans,trans-hexadienoate",100,micromolar,,75,10.1021/acs.est.5b01041
1274369,Light,NULL,,366 nm,75,10.1021/acs.est.5b01041
1274370,Time of Measurement,92,hours,,75,10.1021/acs.est.5b01041
1274371,particle concentration,8,milligrams/liter,,76,10.1021/acs.est.5b01041
1274372,pH,7,pH,,76,10.1021/acs.est.5b01041
1274373,"Concentration trans,trans-hexadienoate",100,micromolar,,76,10.1021/acs.est.5b01041
1274374,Light,NULL,,366 nm,76,10.1021/acs.est.5b01041
1274375,Time of Measurement,113,hours,,76,10.1021/acs.est.5b01041
1274376,particle concentration,8,milligrams/liter,,77,10.1021/acs.est.5b01041
1274377,pH,7,pH,,77,10.1021/acs.est.5b01041
1274378,"Concentration trans,trans-hexadienoate",100,micromolar,,77,10.1021/acs.est.5b01041
1274379,Light,NULL,,366 nm,77,10.1021/acs.est.5b01041
1274380,Time of Measurement,0,hours,,77,10.1021/acs.est.5b01041
1274381,particle concentration,8,milligrams/liter,,78,10.1021/acs.est.5b01041
1274382,pH,7,pH,,78,10.1021/acs.est.5b01041
1274383,"Concentration trans,trans-hexadienoate",100,micromolar,,78,10.1021/acs.est.5b01041
1274384,Light,NULL,,366 nm,78,10.1021/acs.est.5b01041
1274385,Time of Measurement,7,hours,,78,10.1021/acs.est.5b01041
1274386,particle concentration,8,milligrams/liter,,79,10.1021/acs.est.5b01041
1274387,pH,7,pH,,79,10.1021/acs.est.5b01041
1274388,"Concentration trans,trans-hexadienoate",100,micromolar,,79,10.1021/acs.est.5b01041
1274389,Light,NULL,,366 nm,79,10.1021/acs.est.5b01041
1274390,Time of Measurement,24,hours,,79,10.1021/acs.est.5b01041
1274391,particle concentration,8,milligrams/liter,,80,10.1021/acs.est.5b01041
1274392,pH,7,pH,,80,10.1021/acs.est.5b01041
1274393,"Concentration trans,trans-hexadienoate",100,micromolar,,80,10.1021/acs.est.5b01041
1274394,Light,NULL,,366 nm,80,10.1021/acs.est.5b01041
1274395,Time of Measurement,49,hours,,80,10.1021/acs.est.5b01041
1274396,particle concentration,8,milligrams/liter,,81,10.1021/acs.est.5b01041
1274397,pH,7,pH,,81,10.1021/acs.est.5b01041
1274398,"Concentration trans,trans-hexadienoate",100,micromolar,,81,10.1021/acs.est.5b01041
1274399,Light,NULL,,366 nm,81,10.1021/acs.est.5b01041
1274400,Time of Measurement,73,hours,,81,10.1021/acs.est.5b01041
1274401,particle concentration,8,milligrams/liter,,82,10.1021/acs.est.5b01041
1274402,pH,7,pH,,82,10.1021/acs.est.5b01041
1274403,"Concentration trans,trans-hexadienoate",100,micromolar,,82,10.1021/acs.est.5b01041
1274404,Light,NULL,,366 nm,82,10.1021/acs.est.5b01041
1274405,Time of Measurement,92,hours,,82,10.1021/acs.est.5b01041
1274406,particle concentration,8,milligrams/liter,,83,10.1021/acs.est.5b01041
1274407,pH,7,pH,,83,10.1021/acs.est.5b01041
1274408,"Concentration trans,trans-hexadienoate",100,micromolar,,83,10.1021/acs.est.5b01041
1274409,Light,NULL,,366 nm,83,10.1021/acs.est.5b01041
1274410,Time of Measurement,113,hours,,83,10.1021/acs.est.5b01041
1274411,particle concentration,8,milligrams/liter,,84,10.1021/acs.est.5b01041
1274412,pH,7,pH,,84,10.1021/acs.est.5b01041
1274413,"Concentration trans,trans-hexadienoate",100,micromolar,,84,10.1021/acs.est.5b01041
1274414,Light,NULL,,366 nm,84,10.1021/acs.est.5b01041
1274415,Time of Measurement,0,hours,,84,10.1021/acs.est.5b01041
1274416,Concentration Suwannee River natural organic matter,75,milligrams/liter,,85,10.1021/acs.est.5b01041
1274417,pH,7,pH,,85,10.1021/acs.est.5b01041
1274418,"Concentration trans,trans-hexadienoate",100,micromolar,,85,10.1021/acs.est.5b01041
1274419,Light,NULL,,366 nm,85,10.1021/acs.est.5b01041
1274420,Time of Measurement,7,hours,,85,10.1021/acs.est.5b01041
1274421,Concentration Suwannee River natural organic matter,75,milligrams/liter,,86,10.1021/acs.est.5b01041
1274422,pH,7,pH,,86,10.1021/acs.est.5b01041
1274423,"Concentration trans,trans-hexadienoate",100,micromolar,,86,10.1021/acs.est.5b01041
1274424,Light,NULL,,366 nm,86,10.1021/acs.est.5b01041
1274425,Time of Measurement,24,hours,,86,10.1021/acs.est.5b01041
1274426,Concentration Suwannee River natural organic matter,75,milligrams/liter,,87,10.1021/acs.est.5b01041
1274427,pH,7,pH,,87,10.1021/acs.est.5b01041
1274428,"Concentration trans,trans-hexadienoate",100,micromolar,,87,10.1021/acs.est.5b01041
1274429,Light,NULL,,366 nm,87,10.1021/acs.est.5b01041
1274430,Time of Measurement,49,hours,,87,10.1021/acs.est.5b01041
1274431,Concentration Suwannee River natural organic matter,75,milligrams/liter,,88,10.1021/acs.est.5b01041
1274432,pH,7,pH,,88,10.1021/acs.est.5b01041
1274433,"Concentration trans,trans-hexadienoate",100,micromolar,,88,10.1021/acs.est.5b01041
1274434,Light,NULL,,366 nm,88,10.1021/acs.est.5b01041
1274435,Time of Measurement,73,hours,,88,10.1021/acs.est.5b01041
1274436,Concentration Suwannee River natural organic matter,75,milligrams/liter,,89,10.1021/acs.est.5b01041
1274437,pH,7,pH,,89,10.1021/acs.est.5b01041
1274438,"Concentration trans,trans-hexadienoate",100,micromolar,,89,10.1021/acs.est.5b01041
1274439,Light,NULL,,366 nm,89,10.1021/acs.est.5b01041
1274440,Time of Measurement,92,hours,,89,10.1021/acs.est.5b01041
1274441,Concentration Suwannee River natural organic matter,75,milligrams/liter,,90,10.1021/acs.est.5b01041
1274442,pH,7,pH,,90,10.1021/acs.est.5b01041
1274443,"Concentration trans,trans-hexadienoate",100,micromolar,,90,10.1021/acs.est.5b01041
1274444,Light,NULL,,366 nm,90,10.1021/acs.est.5b01041
1274445,Time of Measurement,113,hours,,90,10.1021/acs.est.5b01041
1274446,particle concentration,8,milligrams/liter,,91,10.1021/acs.est.5b01041
1274447,pH,7,pH,,91,10.1021/acs.est.5b01041
1274448,"Concentration trans,trans-hexadienoate",100,micromolar,,91,10.1021/acs.est.5b01041
1274449,Light,NULL,,Simulated Sunlight,91,10.1021/acs.est.5b01041
1274450,Time of Measurement,0,hours,,91,10.1021/acs.est.5b01041
1274451,particle concentration,8,milligrams/liter,,92,10.1021/acs.est.5b01041
1274452,pH,7,pH,,92,10.1021/acs.est.5b01041
1274453,"Concentration trans,trans-hexadienoate",100,micromolar,,92,10.1021/acs.est.5b01041
1274454,Light,NULL,,Simulated Sunlight,92,10.1021/acs.est.5b01041
1274455,Time of Measurement,3,hours,,92,10.1021/acs.est.5b01041
1274456,particle concentration,8,milligrams/liter,,93,10.1021/acs.est.5b01041
1274457,pH,7,pH,,93,10.1021/acs.est.5b01041
1274458,"Concentration trans,trans-hexadienoate",100,micromolar,,93,10.1021/acs.est.5b01041
1274459,Light,NULL,,Simulated Sunlight,93,10.1021/acs.est.5b01041
1274460,Time of Measurement,6,hours,,93,10.1021/acs.est.5b01041
1274461,particle concentration,8,milligrams/liter,,94,10.1021/acs.est.5b01041
1274462,pH,7,pH,,94,10.1021/acs.est.5b01041
1274463,"Concentration trans,trans-hexadienoate",100,micromolar,,94,10.1021/acs.est.5b01041
1274464,Light,NULL,,Simulated Sunlight,94,10.1021/acs.est.5b01041
1274465,Time of Measurement,10,hours,,94,10.1021/acs.est.5b01041
1274466,particle concentration,8,milligrams/liter,,95,10.1021/acs.est.5b01041
1274467,pH,7,pH,,95,10.1021/acs.est.5b01041
1274468,"Concentration trans,trans-hexadienoate",100,micromolar,,95,10.1021/acs.est.5b01041
1274469,Light,NULL,,Simulated Sunlight,95,10.1021/acs.est.5b01041
1274470,Time of Measurement,15,hours,,95,10.1021/acs.est.5b01041
1274471,particle concentration,8,milligrams/liter,,96,10.1021/acs.est.5b01041
1274472,pH,7,pH,,96,10.1021/acs.est.5b01041
1274473,"Concentration trans,trans-hexadienoate",100,micromolar,,96,10.1021/acs.est.5b01041
1274474,Light,NULL,,Simulated Sunlight,96,10.1021/acs.est.5b01041
1274475,Time of Measurement,20,hours,,96,10.1021/acs.est.5b01041
1274476,particle concentration,8,milligrams/liter,,97,10.1021/acs.est.5b01041
1274477,pH,7,pH,,97,10.1021/acs.est.5b01041
1274478,"Concentration trans,trans-hexadienoate",100,micromolar,,97,10.1021/acs.est.5b01041
1274479,Light,NULL,,Simulated Sunlight,97,10.1021/acs.est.5b01041
1274480,Time of Measurement,24,hours,,97,10.1021/acs.est.5b01041
1274481,particle concentration,8,milligrams/liter,,98,10.1021/acs.est.5b01041
1274482,pH,7,pH,,98,10.1021/acs.est.5b01041
1274483,"Concentration trans,trans-hexadienoate",100,micromolar,,98,10.1021/acs.est.5b01041
1274484,Light,NULL,,Simulated Sunlight,98,10.1021/acs.est.5b01041
1274485,Time of Measurement,0,hours,,98,10.1021/acs.est.5b01041
1274486,particle concentration,8,milligrams/liter,,99,10.1021/acs.est.5b01041
1274487,pH,7,pH,,99,10.1021/acs.est.5b01041
1274488,"Concentration trans,trans-hexadienoate",100,micromolar,,99,10.1021/acs.est.5b01041
1274489,Light,NULL,,Simulated Sunlight,99,10.1021/acs.est.5b01041
1274490,Time of Measurement,3,hours,,99,10.1021/acs.est.5b01041
1274491,particle concentration,8,milligrams/liter,,100,10.1021/acs.est.5b01041
1274492,pH,7,pH,,100,10.1021/acs.est.5b01041
1274493,"Concentration trans,trans-hexadienoate",100,micromolar,,100,10.1021/acs.est.5b01041
1274494,Light,NULL,,Simulated Sunlight,100,10.1021/acs.est.5b01041
1274495,Time of Measurement,6,hours,,100,10.1021/acs.est.5b01041
1274496,particle concentration,8,milligrams/liter,,101,10.1021/acs.est.5b01041
1274497,pH,7,pH,,101,10.1021/acs.est.5b01041
1274498,"Concentration trans,trans-hexadienoate",100,micromolar,,101,10.1021/acs.est.5b01041
1274499,Light,NULL,,Simulated Sunlight,101,10.1021/acs.est.5b01041
1274500,Time of Measurement,10,hours,,101,10.1021/acs.est.5b01041
1274501,particle concentration,8,milligrams/liter,,102,10.1021/acs.est.5b01041
1274502,pH,7,pH,,102,10.1021/acs.est.5b01041
1274503,"Concentration trans,trans-hexadienoate",100,micromolar,,102,10.1021/acs.est.5b01041
1274504,Light,NULL,,Simulated Sunlight,102,10.1021/acs.est.5b01041
1274505,Time of Measurement,15,hours,,102,10.1021/acs.est.5b01041
1274506,particle concentration,8,milligrams/liter,,103,10.1021/acs.est.5b01041
1274507,pH,7,pH,,103,10.1021/acs.est.5b01041
1274508,"Concentration trans,trans-hexadienoate",100,micromolar,,103,10.1021/acs.est.5b01041
1274509,Light,NULL,,Simulated Sunlight,103,10.1021/acs.est.5b01041
1274510,Time of Measurement,20,hours,,103,10.1021/acs.est.5b01041
1274511,particle concentration,8,milligrams/liter,,104,10.1021/acs.est.5b01041
1274512,pH,7,pH,,104,10.1021/acs.est.5b01041
1274513,"Concentration trans,trans-hexadienoate",100,micromolar,,104,10.1021/acs.est.5b01041
1274514,Light,NULL,,Simulated Sunlight,104,10.1021/acs.est.5b01041
1274515,Time of Measurement,24,hours,,104,10.1021/acs.est.5b01041
1274516,particle concentration,8,milligrams/liter,,105,10.1021/acs.est.5b01041
1274517,pH,7,pH,,105,10.1021/acs.est.5b01041
1274518,"Concentration trans,trans-hexadienoate",100,micromolar,,105,10.1021/acs.est.5b01041
1274519,Light,NULL,,Simulated Sunlight,105,10.1021/acs.est.5b01041
1274520,Time of Measurement,0,hours,,105,10.1021/acs.est.5b01041
1274521,particle concentration,8,milligrams/liter,,106,10.1021/acs.est.5b01041
1274522,pH,7,pH,,106,10.1021/acs.est.5b01041
1274523,"Concentration trans,trans-hexadienoate",100,micromolar,,106,10.1021/acs.est.5b01041
1274524,Light,NULL,,Simulated Sunlight,106,10.1021/acs.est.5b01041
1274525,Time of Measurement,3,hours,,106,10.1021/acs.est.5b01041
1274526,particle concentration,8,milligrams/liter,,107,10.1021/acs.est.5b01041
1274527,pH,7,pH,,107,10.1021/acs.est.5b01041
1274528,"Concentration trans,trans-hexadienoate",100,micromolar,,107,10.1021/acs.est.5b01041
1274529,Light,NULL,,Simulated Sunlight,107,10.1021/acs.est.5b01041
1274530,Time of Measurement,6,hours,,107,10.1021/acs.est.5b01041
1274531,particle concentration,8,milligrams/liter,,108,10.1021/acs.est.5b01041
1274532,pH,7,pH,,108,10.1021/acs.est.5b01041
1274533,"Concentration trans,trans-hexadienoate",100,micromolar,,108,10.1021/acs.est.5b01041
1274534,Light,NULL,,Simulated Sunlight,108,10.1021/acs.est.5b01041
1274535,Time of Measurement,10,hours,,108,10.1021/acs.est.5b01041
1274536,particle concentration,8,milligrams/liter,,109,10.1021/acs.est.5b01041
1274537,pH,7,pH,,109,10.1021/acs.est.5b01041
1274538,"Concentration trans,trans-hexadienoate",100,micromolar,,109,10.1021/acs.est.5b01041
1274539,Light,NULL,,Simulated Sunlight,109,10.1021/acs.est.5b01041
1274540,Time of Measurement,15,hours,,109,10.1021/acs.est.5b01041
1274541,particle concentration,8,milligrams/liter,,110,10.1021/acs.est.5b01041
1274542,pH,7,pH,,110,10.1021/acs.est.5b01041
1274543,"Concentration trans,trans-hexadienoate",100,micromolar,,110,10.1021/acs.est.5b01041
1274544,Light,NULL,,Simulated Sunlight,110,10.1021/acs.est.5b01041
1274545,Time of Measurement,20,hours,,110,10.1021/acs.est.5b01041
1274546,particle concentration,8,milligrams/liter,,111,10.1021/acs.est.5b01041
1274547,pH,7,pH,,111,10.1021/acs.est.5b01041
1274548,"Concentration trans,trans-hexadienoate",100,micromolar,,111,10.1021/acs.est.5b01041
1274549,Light,NULL,,Simulated Sunlight,111,10.1021/acs.est.5b01041
1274550,Time of Measurement,24,hours,,111,10.1021/acs.est.5b01041
1274551,Concentration Suwannee River natural organic matter,8,milligrams/liter,,112,10.1021/acs.est.5b01041
1274552,pH,7,pH,,112,10.1021/acs.est.5b01041
1274553,"Concentration trans,trans-hexadienoate",100,micromolar,,112,10.1021/acs.est.5b01041
1274554,Light,NULL,,Simulated Sunlight,112,10.1021/acs.est.5b01041
1274555,Time of Measurement,0,hours,,112,10.1021/acs.est.5b01041
1274556,Concentration Suwannee River natural organic matter,10,milligrams/liter,,113,10.1021/acs.est.5b01041
1274557,pH,7,pH,,113,10.1021/acs.est.5b01041
1274558,"Concentration trans,trans-hexadienoate",100,micromolar,,113,10.1021/acs.est.5b01041
1274559,Light,NULL,,Simulated Sunlight,113,10.1021/acs.est.5b01041
1274560,Time of Measurement,3,hours,,113,10.1021/acs.est.5b01041
1274561,Concentration Suwannee River natural organic matter,10,milligrams/liter,,114,10.1021/acs.est.5b01041
1274562,pH,7,pH,,114,10.1021/acs.est.5b01041
1274563,"Concentration trans,trans-hexadienoate",100,micromolar,,114,10.1021/acs.est.5b01041
1274564,Light,NULL,,Simulated Sunlight,114,10.1021/acs.est.5b01041
1274565,Time of Measurement,6,hours,,114,10.1021/acs.est.5b01041
1274566,Concentration Suwannee River natural organic matter,10,milligrams/liter,,115,10.1021/acs.est.5b01041
1274567,pH,7,pH,,115,10.1021/acs.est.5b01041
1274568,"Concentration trans,trans-hexadienoate",100,micromolar,,115,10.1021/acs.est.5b01041
1274569,Light,NULL,,Simulated Sunlight,115,10.1021/acs.est.5b01041
1274570,Time of Measurement,10,hours,,115,10.1021/acs.est.5b01041
1274571,Concentration Suwannee River natural organic matter,10,milligrams/liter,,116,10.1021/acs.est.5b01041
1274572,pH,7,pH,,116,10.1021/acs.est.5b01041
1274573,"Concentration trans,trans-hexadienoate",100,micromolar,,116,10.1021/acs.est.5b01041
1274574,Light,NULL,,Simulated Sunlight,116,10.1021/acs.est.5b01041
1274575,Time of Measurement,15,hours,,116,10.1021/acs.est.5b01041
1274576,Concentration Suwannee River natural organic matter,10,milligrams/liter,,117,10.1021/acs.est.5b01041
1274577,pH,7,pH,,117,10.1021/acs.est.5b01041
1274578,"Concentration trans,trans-hexadienoate",100,micromolar,,117,10.1021/acs.est.5b01041
1274579,Light,NULL,,Simulated Sunlight,117,10.1021/acs.est.5b01041
1274580,Time of Measurement,20,hours,,117,10.1021/acs.est.5b01041
1274581,Concentration Suwannee River natural organic matter,10,milligrams/liter,,118,10.1021/acs.est.5b01041
1274582,pH,7,pH,,118,10.1021/acs.est.5b01041
1274583,"Concentration trans,trans-hexadienoate",100,micromolar,,118,10.1021/acs.est.5b01041
1274584,Light,NULL,,Simulated Sunlight,118,10.1021/acs.est.5b01041
1274585,Time of Measurement,24,hours,,118,10.1021/acs.est.5b01041
1274586,Concentration Suwannee River natural organic matter,6,milligrams/liter,,119,10.1021/acs.est.5b01041
1274587,pH,7,pH,,119,10.1021/acs.est.5b01041
1274588,"Concentration trans,trans-hexadienoate",100,micromolar,,119,10.1021/acs.est.5b01041
1274589,Light,NULL,,Simulated Sunlight,119,10.1021/acs.est.5b01041
1274590,Time of Measurement,0,hours,,119,10.1021/acs.est.5b01041
1274591,Concentration Suwannee River natural organic matter,6,milligrams/liter,,120,10.1021/acs.est.5b01041
1274592,pH,7,pH,,120,10.1021/acs.est.5b01041
1274593,"Concentration trans,trans-hexadienoate",100,micromolar,,120,10.1021/acs.est.5b01041
1274594,Light,NULL,,Simulated Sunlight,120,10.1021/acs.est.5b01041
1274595,Time of Measurement,3,hours,,120,10.1021/acs.est.5b01041
1274596,Concentration Suwannee River natural organic matter,6,milligrams/liter,,121,10.1021/acs.est.5b01041
1274597,pH,7,pH,,121,10.1021/acs.est.5b01041
1274598,"Concentration trans,trans-hexadienoate",100,micromolar,,121,10.1021/acs.est.5b01041
1274599,Light,NULL,,Simulated Sunlight,121,10.1021/acs.est.5b01041
1274600,Time of Measurement,6,hours,,121,10.1021/acs.est.5b01041
1274601,Concentration Suwannee River natural organic matter,6,milligrams/liter,,122,10.1021/acs.est.5b01041
1274602,pH,7,pH,,122,10.1021/acs.est.5b01041
1274603,"Concentration trans,trans-hexadienoate",100,micromolar,,122,10.1021/acs.est.5b01041
1274604,Light,NULL,,Simulated Sunlight,122,10.1021/acs.est.5b01041
1274605,Time of Measurement,10,hours,,122,10.1021/acs.est.5b01041
1274606,Concentration Suwannee River natural organic matter,6,milligrams/liter,,123,10.1021/acs.est.5b01041
1274607,pH,7,pH,,123,10.1021/acs.est.5b01041
1274608,"Concentration trans,trans-hexadienoate",100,micromolar,,123,10.1021/acs.est.5b01041
1274609,Light,NULL,,Simulated Sunlight,123,10.1021/acs.est.5b01041
1274610,Time of Measurement,15,hours,,123,10.1021/acs.est.5b01041
1274611,Concentration Suwannee River natural organic matter,6,milligrams/liter,,124,10.1021/acs.est.5b01041
1274612,pH,7,pH,,124,10.1021/acs.est.5b01041
1274613,"Concentration trans,trans-hexadienoate",100,micromolar,,124,10.1021/acs.est.5b01041
1274614,Light,NULL,,Simulated Sunlight,124,10.1021/acs.est.5b01041
1274615,Time of Measurement,20,hours,,124,10.1021/acs.est.5b01041
1274616,Concentration Suwannee River natural organic matter,6,milligrams/liter,,125,10.1021/acs.est.5b01041
1274617,pH,7,pH,,125,10.1021/acs.est.5b01041
1274618,"Concentration trans,trans-hexadienoate",100,micromolar,,125,10.1021/acs.est.5b01041
1274619,Light,NULL,,Simulated Sunlight,125,10.1021/acs.est.5b01041
1274620,Time of Measurement,24,hours,,125,10.1021/acs.est.5b01041
1274621,particle concentration,8,milligrams/liter,,126,10.1021/acs.est.5b01041
1274622,pH,7,pH,,126,10.1021/acs.est.5b01041
1274623,"Concentration trans,trans-hexadienoate",100,micromolar,,126,10.1021/acs.est.5b01041
1274624,Light,NULL,,Simulated Sunlight,126,10.1021/acs.est.5b01041
1274625,Time of Measurement,0,hours,,126,10.1021/acs.est.5b01041
1274626,particle concentration,8,milligrams/liter,,127,10.1021/acs.est.5b01041
1274627,pH,7,pH,,127,10.1021/acs.est.5b01041
1274628,"Concentration trans,trans-hexadienoate",100,micromolar,,127,10.1021/acs.est.5b01041
1274629,Light,NULL,,Simulated Sunlight,127,10.1021/acs.est.5b01041
1274630,Time of Measurement,3,hours,,127,10.1021/acs.est.5b01041
1274631,particle concentration,8,milligrams/liter,,128,10.1021/acs.est.5b01041
1274632,pH,7,pH,,128,10.1021/acs.est.5b01041
1274633,"Concentration trans,trans-hexadienoate",100,micromolar,,128,10.1021/acs.est.5b01041
1274634,Light,NULL,,Simulated Sunlight,128,10.1021/acs.est.5b01041
1274635,Time of Measurement,6,hours,,128,10.1021/acs.est.5b01041
1274636,particle concentration,8,milligrams/liter,,129,10.1021/acs.est.5b01041
1274637,pH,7,pH,,129,10.1021/acs.est.5b01041
1274638,"Concentration trans,trans-hexadienoate",100,micromolar,,129,10.1021/acs.est.5b01041
1274639,Light,NULL,,Simulated Sunlight,129,10.1021/acs.est.5b01041
1274640,Time of Measurement,10,hours,,129,10.1021/acs.est.5b01041
1274641,particle concentration,8,milligrams/liter,,130,10.1021/acs.est.5b01041
1274642,pH,7,pH,,130,10.1021/acs.est.5b01041
1274643,"Concentration trans,trans-hexadienoate",100,micromolar,,130,10.1021/acs.est.5b01041
1274644,Light,NULL,,Simulated Sunlight,130,10.1021/acs.est.5b01041
1274645,Time of Measurement,15,hours,,130,10.1021/acs.est.5b01041
1274646,particle concentration,8,milligrams/liter,,131,10.1021/acs.est.5b01041
1274647,pH,7,pH,,131,10.1021/acs.est.5b01041
1274648,"Concentration trans,trans-hexadienoate",100,micromolar,,131,10.1021/acs.est.5b01041
1274649,Light,NULL,,Simulated Sunlight,131,10.1021/acs.est.5b01041
1274650,Time of Measurement,20,hours,,131,10.1021/acs.est.5b01041
1274651,particle concentration,8,milligrams/liter,,132,10.1021/acs.est.5b01041
1274652,pH,7,pH,,132,10.1021/acs.est.5b01041
1274653,"Concentration trans,trans-hexadienoate",100,micromolar,,132,10.1021/acs.est.5b01041
1274654,Light,NULL,,Simulated Sunlight,132,10.1021/acs.est.5b01041
1274655,Time of Measurement,24,hours,,132,10.1021/acs.est.5b01041
1274656,pH,7,pH,,133,10.1021/acs.est.5b01041
1274657,Light,NULL,,Simulated Sunlight,133,10.1021/acs.est.5b01041
1274658,Time of Measurement,3,hours,,133,10.1021/acs.est.5b01041
1274659,pH,7,pH,,134,10.1021/acs.est.5b01041
1274660,Light,NULL,,Simulated Sunlight,134,10.1021/acs.est.5b01041
1274661,Time of Measurement,3,hours,,134,10.1021/acs.est.5b01041
1274662,pH,7,pH,,135,10.1021/acs.est.5b01041
1274663,Light,NULL,,Simulated Sunlight,135,10.1021/acs.est.5b01041
1274664,Time of Measurement,3,hours,,135,10.1021/acs.est.5b01041
1274665,pH,7,pH,,136,10.1021/acs.est.5b01041
1274666,Light,NULL,,Simulated Sunlight,136,10.1021/acs.est.5b01041
1274667,Time of Measurement,3,hours,,136,10.1021/acs.est.5b01041
1274668,pH,7,pH,,137,10.1021/acs.est.5b01041
1274669,Light,NULL,,Simulated Sunlight,137,10.1021/acs.est.5b01041
1274670,Time of Measurement,6,hours,,137,10.1021/acs.est.5b01041
1274671,pH,7,pH,,138,10.1021/acs.est.5b01041
1274672,Light,NULL,,Simulated Sunlight,138,10.1021/acs.est.5b01041
1274673,Time of Measurement,6,hours,,138,10.1021/acs.est.5b01041
1274674,pH,7,pH,,139,10.1021/acs.est.5b01041
1274675,Light,NULL,,Simulated Sunlight,139,10.1021/acs.est.5b01041
1274676,Time of Measurement,6,hours,,139,10.1021/acs.est.5b01041
1274677,pH,7,pH,,140,10.1021/acs.est.5b01041
1274678,Light,NULL,,Simulated Sunlight,140,10.1021/acs.est.5b01041
1274679,Time of Measurement,6,hours,,140,10.1021/acs.est.5b01041
1274680,pH,7,pH,,141,10.1021/acs.est.5b01041
1274681,Light,NULL,,Simulated Sunlight,141,10.1021/acs.est.5b01041
1274682,Time of Measurement,3,hours,,141,10.1021/acs.est.5b01041
1274683,pH,7,pH,,142,10.1021/acs.est.5b01041
1274684,Light,NULL,,Simulated Sunlight,142,10.1021/acs.est.5b01041
1274685,Time of Measurement,3,hours,,142,10.1021/acs.est.5b01041
1274686,pH,7,pH,,143,10.1021/acs.est.5b01041
1274687,Light,NULL,,Simulated Sunlight,143,10.1021/acs.est.5b01041
1274688,Time of Measurement,3,hours,,143,10.1021/acs.est.5b01041
1274689,pH,7,pH,,144,10.1021/acs.est.5b01041
1274690,Light,NULL,,Simulated Sunlight,144,10.1021/acs.est.5b01041
1274691,Time of Measurement,3,hours,,144,10.1021/acs.est.5b01041
1274692,pH,7,pH,,145,10.1021/acs.est.5b01041
1274693,Light,NULL,,Simulated Sunlight,145,10.1021/acs.est.5b01041
1274694,Time of Measurement,6,hours,,145,10.1021/acs.est.5b01041
1274695,pH,7,pH,,146,10.1021/acs.est.5b01041
1274696,Light,NULL,,Simulated Sunlight,146,10.1021/acs.est.5b01041
1274697,Time of Measurement,6,hours,,146,10.1021/acs.est.5b01041
1274698,pH,7,pH,,147,10.1021/acs.est.5b01041
1274699,Light,NULL,,Simulated Sunlight,147,10.1021/acs.est.5b01041
1274700,Time of Measurement,6,hours,,147,10.1021/acs.est.5b01041
1274701,pH,7,pH,,148,10.1021/acs.est.5b01041
1274702,Light,NULL,,Simulated Sunlight,148,10.1021/acs.est.5b01041
1274703,Time of Measurement,6,hours,,148,10.1021/acs.est.5b01041
1274704,pH,7,pH,,149,10.1021/acs.est.5b01041
1274705,Light,NULL,,Simulated Sunlight,149,10.1021/acs.est.5b01041
1274706,Time of Measurement,3,hours,,149,10.1021/acs.est.5b01041
1274707,pH,7,pH,,150,10.1021/acs.est.5b01041
1274708,Light,NULL,,Simulated Sunlight,150,10.1021/acs.est.5b01041
1274709,Time of Measurement,3,hours,,150,10.1021/acs.est.5b01041
1274710,pH,7,pH,,151,10.1021/acs.est.5b01041
1274711,Light,NULL,,Simulated Sunlight,151,10.1021/acs.est.5b01041
1274712,Time of Measurement,3,hours,,151,10.1021/acs.est.5b01041
1274713,pH,7,pH,,152,10.1021/acs.est.5b01041
1274714,Light,NULL,,Simulated Sunlight,152,10.1021/acs.est.5b01041
1274715,Time of Measurement,3,hours,,152,10.1021/acs.est.5b01041
1274716,pH,7,pH,,153,10.1021/acs.est.5b01041
1274717,Light,NULL,,Simulated Sunlight,153,10.1021/acs.est.5b01041
1274718,Time of Measurement,6,hours,,153,10.1021/acs.est.5b01041
1274719,pH,7,pH,,154,10.1021/acs.est.5b01041
1274720,Light,NULL,,Simulated Sunlight,154,10.1021/acs.est.5b01041
1274721,Time of Measurement,6,hours,,154,10.1021/acs.est.5b01041
1274722,pH,7,pH,,155,10.1021/acs.est.5b01041
1274723,Light,NULL,,Simulated Sunlight,155,10.1021/acs.est.5b01041
1274724,Time of Measurement,6,hours,,155,10.1021/acs.est.5b01041
1274725,pH,7,pH,,156,10.1021/acs.est.5b01041
1274726,Light,NULL,,Simulated Sunlight,156,10.1021/acs.est.5b01041
1274727,Time of Measurement,6,hours,,156,10.1021/acs.est.5b01041
1274728,pH,7,pH,,157,10.1021/acs.est.5b01041
1274729,Light,NULL,,Simulated Sunlight,157,10.1021/acs.est.5b01041
1274730,Time of Measurement,3,hours,,157,10.1021/acs.est.5b01041
1274731,pH,7,pH,,158,10.1021/acs.est.5b01041
1274732,Light,NULL,,Simulated Sunlight,158,10.1021/acs.est.5b01041
1274733,Time of Measurement,3,hours,,158,10.1021/acs.est.5b01041
1274734,pH,7,pH,,159,10.1021/acs.est.5b01041
1274735,Light,NULL,,Simulated Sunlight,159,10.1021/acs.est.5b01041
1274736,Time of Measurement,3,hours,,159,10.1021/acs.est.5b01041
1274737,pH,7,pH,,160,10.1021/acs.est.5b01041
1274738,Light,NULL,,Simulated Sunlight,160,10.1021/acs.est.5b01041
1274739,Time of Measurement,3,hours,,160,10.1021/acs.est.5b01041
1274740,pH,7,pH,,161,10.1021/acs.est.5b01041
1274741,Light,NULL,,Simulated Sunlight,161,10.1021/acs.est.5b01041
1274742,Time of Measurement,6,hours,,161,10.1021/acs.est.5b01041
1274743,pH,7,pH,,162,10.1021/acs.est.5b01041
1274744,Light,NULL,,Simulated Sunlight,162,10.1021/acs.est.5b01041
1274745,Time of Measurement,6,hours,,162,10.1021/acs.est.5b01041
1274746,pH,7,pH,,163,10.1021/acs.est.5b01041
1274747,Light,NULL,,Simulated Sunlight,163,10.1021/acs.est.5b01041
1274748,Time of Measurement,6,hours,,163,10.1021/acs.est.5b01041
1274749,pH,7,pH,,164,10.1021/acs.est.5b01041
1274750,Light,NULL,,Simulated Sunlight,164,10.1021/acs.est.5b01041
1274751,Time of Measurement,6,hours,,164,10.1021/acs.est.5b01041
1274752,Concentration Suwannee River natural organic matter,0,milligrams/liter,,165,10.1021/acs.est.5b01041
1274753,pH,7,pH,,165,10.1021/acs.est.5b01041
1274754,Light,NULL,,Simulated Sunlight,165,10.1021/acs.est.5b01041
1274755,Time of Measurement,0,hours,,165,10.1021/acs.est.5b01041
1274756,concentration furfuryl alcohol,0.2,millimolar,,165,10.1021/acs.est.5b01041
1274757,Temperature,25,Celsius,,165,10.1021/acs.est.5b01041
1274758,Concentration Suwannee River natural organic matter,0,milligrams/liter,,166,10.1021/acs.est.5b01041
1274759,pH,7,pH,,166,10.1021/acs.est.5b01041
1274760,Light,NULL,,Simulated Sunlight,166,10.1021/acs.est.5b01041
1274761,Time of Measurement,6,hours,,166,10.1021/acs.est.5b01041
1274762,concentration furfuryl alcohol,0.2,millimolar,,166,10.1021/acs.est.5b01041
1274763,Temperature,25,Celsius,,166,10.1021/acs.est.5b01041
1274764,Concentration Suwannee River natural organic matter,0,milligrams/liter,,167,10.1021/acs.est.5b01041
1274765,pH,7,pH,,167,10.1021/acs.est.5b01041
1274766,Light,NULL,,Simulated Sunlight,167,10.1021/acs.est.5b01041
1274767,Time of Measurement,25,hours,,167,10.1021/acs.est.5b01041
1274768,concentration furfuryl alcohol,0.2,millimolar,,167,10.1021/acs.est.5b01041
1274769,Temperature,25,Celsius,,167,10.1021/acs.est.5b01041
1274770,Concentration Suwannee River natural organic matter,0,milligrams/liter,,168,10.1021/acs.est.5b01041
1274771,pH,7,pH,,168,10.1021/acs.est.5b01041
1274772,Light,NULL,,Simulated Sunlight,168,10.1021/acs.est.5b01041
1274773,Time of Measurement,51,hours,,168,10.1021/acs.est.5b01041
1274774,concentration furfuryl alcohol,0.2,millimolar,,168,10.1021/acs.est.5b01041
1274775,Temperature,25,Celsius,,168,10.1021/acs.est.5b01041
1274776,Concentration Suwannee River natural organic matter,0,milligrams/liter,,169,10.1021/acs.est.5b01041
1274777,pH,7,pH,,169,10.1021/acs.est.5b01041
1274778,Light,NULL,,Simulated Sunlight,169,10.1021/acs.est.5b01041
1274779,Time of Measurement,72,hours,,169,10.1021/acs.est.5b01041
1274780,concentration furfuryl alcohol,0.2,millimolar,,169,10.1021/acs.est.5b01041
1274781,Temperature,25,Celsius,,169,10.1021/acs.est.5b01041
1274782,Concentration Suwannee River natural organic matter,0,milligrams/liter,,170,10.1021/acs.est.5b01041
1274783,pH,7,pH,,170,10.1021/acs.est.5b01041
1274784,Light,NULL,,Simulated Sunlight,170,10.1021/acs.est.5b01041
1274785,Time of Measurement,93,hours,,170,10.1021/acs.est.5b01041
1274786,concentration furfuryl alcohol,0.2,millimolar,,170,10.1021/acs.est.5b01041
1274787,Temperature,25,Celsius,,170,10.1021/acs.est.5b01041
1274788,particle concentration,8,milligrams/liter,,171,10.1021/acs.est.5b01041
1274789,pH,7,pH,,171,10.1021/acs.est.5b01041
1274790,Light,NULL,,Simulated Sunlight,171,10.1021/acs.est.5b01041
1274791,Time of Measurement,0,hours,,171,10.1021/acs.est.5b01041
1274792,concentration furfuryl alcohol,0.2,millimolar,,171,10.1021/acs.est.5b01041
1274793,Temperature,25,Celsius,,171,10.1021/acs.est.5b01041
1274794,particle concentration,8,milligrams/liter,,172,10.1021/acs.est.5b01041
1274795,pH,7,pH,,172,10.1021/acs.est.5b01041
1274796,Light,NULL,,Simulated Sunlight,172,10.1021/acs.est.5b01041
1274797,Time of Measurement,11,hours,,172,10.1021/acs.est.5b01041
1274798,concentration furfuryl alcohol,0.2,millimolar,,172,10.1021/acs.est.5b01041
1274799,Temperature,25,Celsius,,172,10.1021/acs.est.5b01041
1274800,particle concentration,8,milligrams/liter,,173,10.1021/acs.est.5b01041
1274801,pH,7,pH,,173,10.1021/acs.est.5b01041
1274802,Light,NULL,,Simulated Sunlight,173,10.1021/acs.est.5b01041
1274803,Time of Measurement,25,hours,,173,10.1021/acs.est.5b01041
1274804,concentration furfuryl alcohol,0.2,millimolar,,173,10.1021/acs.est.5b01041
1274805,Temperature,25,Celsius,,173,10.1021/acs.est.5b01041
1274806,particle concentration,8,milligrams/liter,,174,10.1021/acs.est.5b01041
1274807,pH,7,pH,,174,10.1021/acs.est.5b01041
1274808,Light,NULL,,Simulated Sunlight,174,10.1021/acs.est.5b01041
1274809,Time of Measurement,51,hours,,174,10.1021/acs.est.5b01041
1274810,concentration furfuryl alcohol,0.2,millimolar,,174,10.1021/acs.est.5b01041
1274811,Temperature,25,Celsius,,174,10.1021/acs.est.5b01041
1274812,particle concentration,8,milligrams/liter,,175,10.1021/acs.est.5b01041
1274813,pH,7,pH,,175,10.1021/acs.est.5b01041
1274814,Light,NULL,,Simulated Sunlight,175,10.1021/acs.est.5b01041
1274815,Time of Measurement,72,hours,,175,10.1021/acs.est.5b01041
1274816,concentration furfuryl alcohol,0.2,millimolar,,175,10.1021/acs.est.5b01041
1274817,Temperature,25,Celsius,,175,10.1021/acs.est.5b01041
1274818,particle concentration,8,milligrams/liter,,176,10.1021/acs.est.5b01041
1274819,pH,7,pH,,176,10.1021/acs.est.5b01041
1274820,Light,NULL,,Simulated Sunlight,176,10.1021/acs.est.5b01041
1274821,Time of Measurement,93,hours,,176,10.1021/acs.est.5b01041
1274822,concentration furfuryl alcohol,0.2,millimolar,,176,10.1021/acs.est.5b01041
1274823,Temperature,25,Celsius,,176,10.1021/acs.est.5b01041
1274824,particle concentration,8,milligrams/liter,,177,10.1021/acs.est.5b01041
1274825,pH,7,pH,,177,10.1021/acs.est.5b01041
1274826,Light,NULL,,Simulated Sunlight,177,10.1021/acs.est.5b01041
1274827,Time of Measurement,0,hours,,177,10.1021/acs.est.5b01041
1274828,concentration furfuryl alcohol,0.2,millimolar,,177,10.1021/acs.est.5b01041
1274829,Temperature,25,Celsius,,177,10.1021/acs.est.5b01041
1274830,particle concentration,8,milligrams/liter,,178,10.1021/acs.est.5b01041
1274831,pH,7,pH,,178,10.1021/acs.est.5b01041
1274832,Light,NULL,,Simulated Sunlight,178,10.1021/acs.est.5b01041
1274833,Time of Measurement,6,hours,,178,10.1021/acs.est.5b01041
1274834,concentration furfuryl alcohol,0.2,millimolar,,178,10.1021/acs.est.5b01041
1274835,Temperature,25,Celsius,,178,10.1021/acs.est.5b01041
1274836,particle concentration,8,milligrams/liter,,179,10.1021/acs.est.5b01041
1274837,pH,7,pH,,179,10.1021/acs.est.5b01041
1274838,Light,NULL,,Simulated Sunlight,179,10.1021/acs.est.5b01041
1274839,Time of Measurement,12.6,hours,,179,10.1021/acs.est.5b01041
1274840,concentration furfuryl alcohol,0.2,millimolar,,179,10.1021/acs.est.5b01041
1274841,Temperature,25,Celsius,,179,10.1021/acs.est.5b01041
1274842,particle concentration,8,milligrams/liter,,180,10.1021/acs.est.5b01041
1274843,pH,7,pH,,180,10.1021/acs.est.5b01041
1274844,Light,NULL,,Simulated Sunlight,180,10.1021/acs.est.5b01041
1274845,Time of Measurement,24.7,hours,,180,10.1021/acs.est.5b01041
1274846,concentration furfuryl alcohol,0.2,millimolar,,180,10.1021/acs.est.5b01041
1274847,Temperature,25,Celsius,,180,10.1021/acs.est.5b01041
1274848,particle concentration,8,milligrams/liter,,181,10.1021/acs.est.5b01041
1274849,pH,7,pH,,181,10.1021/acs.est.5b01041
1274850,Light,NULL,,Simulated Sunlight,181,10.1021/acs.est.5b01041
1274851,Time of Measurement,48.5,hours,,181,10.1021/acs.est.5b01041
1274852,concentration furfuryl alcohol,0.2,millimolar,,181,10.1021/acs.est.5b01041
1274853,Temperature,25,Celsius,,181,10.1021/acs.est.5b01041
1274854,particle concentration,8,milligrams/liter,,182,10.1021/acs.est.5b01041
1274855,pH,7,pH,,182,10.1021/acs.est.5b01041
1274856,Light,NULL,,Simulated Sunlight,182,10.1021/acs.est.5b01041
1274857,Time of Measurement,72.2,hours,,182,10.1021/acs.est.5b01041
1274858,concentration furfuryl alcohol,0.2,millimolar,,182,10.1021/acs.est.5b01041
1274859,Temperature,25,Celsius,,182,10.1021/acs.est.5b01041
1274860,particle concentration,8,milligrams/liter,,183,10.1021/acs.est.5b01041
1274861,pH,7,pH,,183,10.1021/acs.est.5b01041
1274862,Light,NULL,,Simulated Sunlight,183,10.1021/acs.est.5b01041
1274863,Time of Measurement,94.6,hours,,183,10.1021/acs.est.5b01041
1274864,concentration furfuryl alcohol,0.2,millimolar,,183,10.1021/acs.est.5b01041
1274865,Temperature,25,Celsius,,183,10.1021/acs.est.5b01041
1274866,particle concentration,8,milligrams/liter,,184,10.1021/acs.est.5b01041
1274867,pH,7,pH,,184,10.1021/acs.est.5b01041
1274868,Light,NULL,,Simulated Sunlight,184,10.1021/acs.est.5b01041
1274869,Time of Measurement,0,hours,,184,10.1021/acs.est.5b01041
1274870,concentration furfuryl alcohol,0.2,millimolar,,184,10.1021/acs.est.5b01041
1274871,Temperature,25,Celsius,,184,10.1021/acs.est.5b01041
1274872,particle concentration,8,milligrams/liter,,185,10.1021/acs.est.5b01041
1274873,pH,7,pH,,185,10.1021/acs.est.5b01041
1274874,Light,NULL,,Simulated Sunlight,185,10.1021/acs.est.5b01041
1274875,Time of Measurement,1,hours,,185,10.1021/acs.est.5b01041
1274876,concentration furfuryl alcohol,0.2,millimolar,,185,10.1021/acs.est.5b01041
1274877,Temperature,25,Celsius,,185,10.1021/acs.est.5b01041
1274878,particle concentration,8,milligrams/liter,,186,10.1021/acs.est.5b01041
1274879,pH,7,pH,,186,10.1021/acs.est.5b01041
1274880,Light,NULL,,Simulated Sunlight,186,10.1021/acs.est.5b01041
1274881,Time of Measurement,2.01594,hours,,186,10.1021/acs.est.5b01041
1274882,concentration furfuryl alcohol,0.2,millimolar,,186,10.1021/acs.est.5b01041
1274883,Temperature,25,Celsius,,186,10.1021/acs.est.5b01041
1274884,particle concentration,8,milligrams/liter,,187,10.1021/acs.est.5b01041
1274885,pH,7,pH,,187,10.1021/acs.est.5b01041
1274886,Light,NULL,,Simulated Sunlight,187,10.1021/acs.est.5b01041
1274887,Time of Measurement,3.95165,hours,,187,10.1021/acs.est.5b01041
1274888,concentration furfuryl alcohol,0.2,millimolar,,187,10.1021/acs.est.5b01041
1274889,Temperature,25,Celsius,,187,10.1021/acs.est.5b01041
1274890,particle concentration,8,milligrams/liter,,188,10.1021/acs.est.5b01041
1274891,pH,7,pH,,188,10.1021/acs.est.5b01041
1274892,Light,NULL,,Simulated Sunlight,188,10.1021/acs.est.5b01041
1274893,Time of Measurement,6.94391,hours,,188,10.1021/acs.est.5b01041
1274894,concentration furfuryl alcohol,0.2,millimolar,,188,10.1021/acs.est.5b01041
1274895,Temperature,25,Celsius,,188,10.1021/acs.est.5b01041
1274896,particle concentration,8,milligrams/liter,,189,10.1021/acs.est.5b01041
1274897,pH,7,pH,,189,10.1021/acs.est.5b01041
1274898,Light,NULL,,Simulated Sunlight,189,10.1021/acs.est.5b01041
1274899,Time of Measurement,9.93691,hours,,189,10.1021/acs.est.5b01041
1274900,concentration furfuryl alcohol,0.2,millimolar,,189,10.1021/acs.est.5b01041
1274901,Temperature,25,Celsius,,189,10.1021/acs.est.5b01041
1274902,particle concentration,8,milligrams/liter,,190,10.1021/acs.est.5b01041
1274903,pH,7,pH,,190,10.1021/acs.est.5b01041
1274904,Light,NULL,,Simulated Sunlight,190,10.1021/acs.est.5b01041
1274905,Time of Measurement,0,hours,,190,10.1021/acs.est.5b01041
1274906,concentration furfuryl alcohol,0.2,millimolar,,190,10.1021/acs.est.5b01041
1274907,Temperature,25,Celsius,,190,10.1021/acs.est.5b01041
1274908,particle concentration,8,milligrams/liter,,191,10.1021/acs.est.5b01041
1274909,pH,7,pH,,191,10.1021/acs.est.5b01041
1274910,Light,NULL,,Simulated Sunlight,191,10.1021/acs.est.5b01041
1274911,Time of Measurement,0.954744,hours,,191,10.1021/acs.est.5b01041
1274912,concentration furfuryl alcohol,0.2,millimolar,,191,10.1021/acs.est.5b01041
1274913,Temperature,25,Celsius,,191,10.1021/acs.est.5b01041
1274914,particle concentration,8,milligrams/liter,,192,10.1021/acs.est.5b01041
1274915,pH,7,pH,,192,10.1021/acs.est.5b01041
1274916,Light,NULL,,Simulated Sunlight,192,10.1021/acs.est.5b01041
1274917,Time of Measurement,1.91866,hours,,192,10.1021/acs.est.5b01041
1274918,concentration furfuryl alcohol,0.2,millimolar,,192,10.1021/acs.est.5b01041
1274919,Temperature,25,Celsius,,192,10.1021/acs.est.5b01041
1274920,particle concentration,8,milligrams/liter,,193,10.1021/acs.est.5b01041
1274921,pH,7,pH,,193,10.1021/acs.est.5b01041
1274922,Light,NULL,,Simulated Sunlight,193,10.1021/acs.est.5b01041
1274923,Time of Measurement,3.84931,hours,,193,10.1021/acs.est.5b01041
1274924,concentration furfuryl alcohol,0.2,millimolar,,193,10.1021/acs.est.5b01041
1274925,Temperature,25,Celsius,,193,10.1021/acs.est.5b01041
1274926,particle concentration,8,milligrams/liter,,194,10.1021/acs.est.5b01041
1274927,pH,7,pH,,194,10.1021/acs.est.5b01041
1274928,Light,NULL,,Simulated Sunlight,194,10.1021/acs.est.5b01041
1274929,Time of Measurement,6.91903,hours,,194,10.1021/acs.est.5b01041
1274930,concentration furfuryl alcohol,0.2,millimolar,,194,10.1021/acs.est.5b01041
1274931,Temperature,25,Celsius,,194,10.1021/acs.est.5b01041
1274932,particle concentration,8,milligrams/liter,,195,10.1021/acs.est.5b01041
1274933,pH,7,pH,,195,10.1021/acs.est.5b01041
1274934,Light,NULL,,Simulated Sunlight,195,10.1021/acs.est.5b01041
1274935,Time of Measurement,9.83282,hours,,195,10.1021/acs.est.5b01041
1274936,concentration furfuryl alcohol,0.2,millimolar,,195,10.1021/acs.est.5b01041
1274937,Temperature,25,Celsius,,195,10.1021/acs.est.5b01041
1274938,particle concentration,0,milligrams/liter,,196,10.1021/acs.est.5b01041
1274939,pH,7,pH,,196,10.1021/acs.est.5b01041
1274940,Light,NULL,,Simulated Sunlight,196,10.1021/acs.est.5b01041
1274941,particle concentration,8,milligrams/liter,,197,10.1021/acs.est.5b01041
1274942,Concentration sodium chloride,80,millimolar,,197,10.1021/acs.est.5b01041
1274943,pH,7,,,197,10.1021/acs.est.5b01041
1274944,Light,NULL,,Simulated Sunlight,197,10.1021/acs.est.5b01041
1274945,particle concentration,8,milligrams/liter,,198,10.1021/acs.est.5b01041
1274946,Concentration sodium chloride,150,millimolar,,198,10.1021/acs.est.5b01041
1274947,pH,7,,,198,10.1021/acs.est.5b01041
1274948,Light,NULL,,Simulated Sunlight,198,10.1021/acs.est.5b01041
1274949,particle concentration,8,milligrams/liter,,199,10.1021/acs.est.5b01041
1274950,Concentration sodium chloride,250,millimolar,,199,10.1021/acs.est.5b01041
1274951,pH,7,,,199,10.1021/acs.est.5b01041
1274952,Light,NULL,,Simulated Sunlight,199,10.1021/acs.est.5b01041
1274953,particle concentration,0,milligrams/liter,,200,10.1021/acs.est.5b01041
1274954,pH,7,,,200,10.1021/acs.est.5b01041
1274955,Light,NULL,,Simulated Sunlight,200,10.1021/acs.est.5b01041
1274956,particle concentration,8,milligrams/liter,,201,10.1021/acs.est.5b01041
1274957,Concentration sodium chloride,80,millimolar,,201,10.1021/acs.est.5b01041
1274958,pH,7,,,201,10.1021/acs.est.5b01041
1274959,Light,NULL,,Simulated Sunlight,201,10.1021/acs.est.5b01041
1274960,particle concentration,8,milligrams/liter,,202,10.1021/acs.est.5b01041
1274961,Concentration sodium chloride,150,millimolar,,202,10.1021/acs.est.5b01041
1274962,pH,7,,,202,10.1021/acs.est.5b01041
1274963,Light,NULL,,Simulated Sunlight,202,10.1021/acs.est.5b01041
1274964,particle concentration,8,milligrams/liter,,203,10.1021/acs.est.5b01041
1274965,Concentration sodium chloride,250,millimolar,,203,10.1021/acs.est.5b01041
1274966,pH,7,,,203,10.1021/acs.est.5b01041
1274967,Light,NULL,,Simulated Sunlight,203,10.1021/acs.est.5b01041
1274968,particle concentration,0,milligrams/liter,,204,10.1021/acs.est.5b01041
1274969,pH,7,,,204,10.1021/acs.est.5b01041
1274970,Light,NULL,,Simulated Sunlight,204,10.1021/acs.est.5b01041
1274971,particle concentration,8,milligrams/liter,,205,10.1021/acs.est.5b01041
1274972,Concentration sodium chloride,80,millimolar,,205,10.1021/acs.est.5b01041
1274973,pH,7,pH,,205,10.1021/acs.est.5b01041
1274974,Light,NULL,,Simulated Sunlight,205,10.1021/acs.est.5b01041
1274975,particle concentration,8,milligrams/liter,,206,10.1021/acs.est.5b01041
1274976,Concentration sodium chloride,150,millimolar,,206,10.1021/acs.est.5b01041
1274977,pH,7,pH,,206,10.1021/acs.est.5b01041
1274978,Light,NULL,,Simulated Sunlight,206,10.1021/acs.est.5b01041
1274979,particle concentration,8,milligrams/liter,,207,10.1021/acs.est.5b01041
1274980,Concentration sodium chloride,250,millimolar,,207,10.1021/acs.est.5b01041
1274981,pH,7,pH,,207,10.1021/acs.est.5b01041
1274982,Light,NULL,,Simulated Sunlight,207,10.1021/acs.est.5b01041
1274983,particle concentration,0,milligrams/liter,,208,10.1021/acs.est.5b01041
1274984,pH,7,pH,,208,10.1021/acs.est.5b01041
1274985,Light,NULL,,Simulated Sunlight,208,10.1021/acs.est.5b01041
1274986,particle concentration,8,milligrams/liter,,209,10.1021/acs.est.5b01041
1274987,Concentration sodium chloride,80,millimolar,,209,10.1021/acs.est.5b01041
1274988,pH,7,pH,,209,10.1021/acs.est.5b01041
1274989,Light,NULL,,Simulated Sunlight,209,10.1021/acs.est.5b01041
1274990,particle concentration,8,milligrams/liter,,210,10.1021/acs.est.5b01041
1274991,Concentration sodium chloride,150,millimolar,,210,10.1021/acs.est.5b01041
1274992,pH,7,pH,,210,10.1021/acs.est.5b01041
1274993,Light,NULL,,Simulated Sunlight,210,10.1021/acs.est.5b01041
1274994,particle concentration,8,milligrams/liter,,211,10.1021/acs.est.5b01041
1274995,Concentration sodium chloride,250,millimolar,,211,10.1021/acs.est.5b01041
1274996,pH,7,pH,,211,10.1021/acs.est.5b01041
1274997,Light,NULL,,Simulated Sunlight,211,10.1021/acs.est.5b01041
1274998,particle concentration,0,milligrams/liter,,212,10.1021/acs.est.5b01041
1274999,pH,7,,,212,10.1021/acs.est.5b01041
1275000,Light,NULL,,Simulated Sunlight,212,10.1021/acs.est.5b01041
1275001,Concentration desferal,50,micromolar,,212,10.1021/acs.est.5b01041
1275002,particle concentration,8,milligrams/liter,,213,10.1021/acs.est.5b01041
1275003,Concentration sodium chloride,250,millimolar,,213,10.1021/acs.est.5b01041
1275004,pH,7,pH,,213,10.1021/acs.est.5b01041
1275005,Light,NULL,,Simulated Sunlight,213,10.1021/acs.est.5b01041
1275006,Concentration desferal,50,micromolar,,213,10.1021/acs.est.5b01041
1275007,particle concentration,0,milligrams/liter,,214,10.1021/acs.est.5b01041
1275008,pH,7,,,214,10.1021/acs.est.5b01041
1275009,Light,NULL,,Simulated Sunlight,214,10.1021/acs.est.5b01041
1275010,particle concentration,8,milligrams/liter,,215,10.1021/acs.est.5b01041
1275011,Concentration sodium chloride,80,millimolar,,215,10.1021/acs.est.5b01041
1275012,pH,7,pH,,215,10.1021/acs.est.5b01041
1275013,Light,NULL,,Simulated Sunlight,215,10.1021/acs.est.5b01041
1275014,particle concentration,8,milligrams/liter,,216,10.1021/acs.est.5b01041
1275015,Concentration sodium chloride,150,millimolar,,216,10.1021/acs.est.5b01041
1275016,pH,7,pH,,216,10.1021/acs.est.5b01041
1275017,Light,NULL,,Simulated Sunlight,216,10.1021/acs.est.5b01041
1275018,particle concentration,8,milligrams/liter,,217,10.1021/acs.est.5b01041
1275019,Concentration sodium chloride,250,millimolar,,217,10.1021/acs.est.5b01041
1275020,pH,7,pH,,217,10.1021/acs.est.5b01041
1275021,Light,NULL,,Simulated Sunlight,217,10.1021/acs.est.5b01041
1275022,particle concentration,0,milligrams/liter,,218,10.1021/acs.est.5b01041
1275023,pH,7,,,218,10.1021/acs.est.5b01041
1275024,Light,NULL,,Simulated Sunlight,218,10.1021/acs.est.5b01041
1275025,Concentration desferal,50,micromolar,,218,10.1021/acs.est.5b01041
1275026,particle concentration,8,milligrams/liter,,219,10.1021/acs.est.5b01041
1275027,Concentration sodium chloride,250,millimolar,,219,10.1021/acs.est.5b01041
1275028,pH,7,pH,,219,10.1021/acs.est.5b01041
1275029,Light,NULL,,Simulated Sunlight,219,10.1021/acs.est.5b01041
1275030,Concentration desferal,50,micromolar,,219,10.1021/acs.est.5b01041
1275031,particle concentration,0,milligrams/liter,,220,10.1021/acs.est.5b01041
1275032,pH,7,,,220,10.1021/acs.est.5b01041
1275033,Light,NULL,,Simulated Sunlight,220,10.1021/acs.est.5b01041
1275034,particle concentration,8,milligrams/liter,,221,10.1021/acs.est.5b01041
1275035,Concentration sodium chloride,80,millimolar,,221,10.1021/acs.est.5b01041
1275036,pH,7,pH,,221,10.1021/acs.est.5b01041
1275037,Light,NULL,,Simulated Sunlight,221,10.1021/acs.est.5b01041
1275038,particle concentration,8,milligrams/liter,,222,10.1021/acs.est.5b01041
1275039,Concentration sodium chloride,150,millimolar,,222,10.1021/acs.est.5b01041
1275040,pH,7,pH,,222,10.1021/acs.est.5b01041
1275041,Light,NULL,,Simulated Sunlight,222,10.1021/acs.est.5b01041
1275042,particle concentration,8,milligrams/liter,,223,10.1021/acs.est.5b01041
1275043,Concentration sodium chloride,250,millimolar,,223,10.1021/acs.est.5b01041
1275044,pH,7,pH,,223,10.1021/acs.est.5b01041
1275045,Light,NULL,,Simulated Sunlight,223,10.1021/acs.est.5b01041
1275046,particle concentration,0.5,parts per million,,1,10.1016/j.neuro.2014.08.010
1275047,Duration Exposure,18,hours,,1,10.1016/j.neuro.2014.08.010
1275048,cell type,NULL,,N27,1,10.1016/j.neuro.2014.08.010
1275049,Subject Source,NULL,,NIEHS,1,10.1016/j.neuro.2014.08.010
1275050,particle concentration,0.5,parts per million,,2,10.1016/j.neuro.2014.08.010
1275051,Duration Exposure,18,hours,,2,10.1016/j.neuro.2014.08.010
1275052,cell type,NULL,,N27,2,10.1016/j.neuro.2014.08.010
1275053,Subject Source,NULL,,NIEHS,2,10.1016/j.neuro.2014.08.010
1275054,particle concentration,0.5,parts per million,,3,10.1016/j.neuro.2014.08.010
1275055,Duration Exposure,18,hours,,3,10.1016/j.neuro.2014.08.010
1275056,cell type,NULL,,N27,3,10.1016/j.neuro.2014.08.010
1275057,Subject Source,NULL,,NIEHS,3,10.1016/j.neuro.2014.08.010
1275058,particle concentration,0.5,parts per million,,4,10.1016/j.neuro.2014.08.010
1275059,Duration Exposure,18,hours,,4,10.1016/j.neuro.2014.08.010
1275060,cell type,NULL,,N27,4,10.1016/j.neuro.2014.08.010
1275061,Subject Source,NULL,,NIEHS,4,10.1016/j.neuro.2014.08.010
1275062,particle concentration,1,parts per million,,5,10.1016/j.neuro.2014.08.010
1275063,Duration Exposure,18,hours,,5,10.1016/j.neuro.2014.08.010
1275064,cell type,NULL,,N27,5,10.1016/j.neuro.2014.08.010
1275065,Subject Source,NULL,,NIEHS,5,10.1016/j.neuro.2014.08.010
1275066,particle concentration,1,parts per million,,6,10.1016/j.neuro.2014.08.010
1275067,Duration Exposure,18,hours,,6,10.1016/j.neuro.2014.08.010
1275068,cell type,NULL,,N27,6,10.1016/j.neuro.2014.08.010
1275069,Subject Source,NULL,,NIEHS,6,10.1016/j.neuro.2014.08.010
1275070,particle concentration,1,parts per million,,7,10.1016/j.neuro.2014.08.010
1275071,Duration Exposure,18,hours,,7,10.1016/j.neuro.2014.08.010
1275072,cell type,NULL,,N27,7,10.1016/j.neuro.2014.08.010
1275073,Subject Source,NULL,,NIEHS,7,10.1016/j.neuro.2014.08.010
1275074,particle concentration,1,parts per million,,8,10.1016/j.neuro.2014.08.010
1275075,Duration Exposure,18,hours,,8,10.1016/j.neuro.2014.08.010
1275076,cell type,NULL,,N27,8,10.1016/j.neuro.2014.08.010
1275077,Subject Source,NULL,,NIEHS,8,10.1016/j.neuro.2014.08.010
1275078,particle concentration,3,parts per million,,9,10.1016/j.neuro.2014.08.010
1275079,Duration Exposure,18,hours,,9,10.1016/j.neuro.2014.08.010
1275080,cell type,NULL,,N27,9,10.1016/j.neuro.2014.08.010
1275081,Subject Source,NULL,,NIEHS,9,10.1016/j.neuro.2014.08.010
1275082,particle concentration,3,parts per million,,10,10.1016/j.neuro.2014.08.010
1275083,Duration Exposure,18,hours,,10,10.1016/j.neuro.2014.08.010
1275084,cell type,NULL,,N27,10,10.1016/j.neuro.2014.08.010
1275085,Subject Source,NULL,,NIEHS,10,10.1016/j.neuro.2014.08.010
1275086,particle concentration,3,parts per million,,11,10.1016/j.neuro.2014.08.010
1275087,Duration Exposure,18,hours,,11,10.1016/j.neuro.2014.08.010
1275088,cell type,NULL,,N27,11,10.1016/j.neuro.2014.08.010
1275089,Subject Source,NULL,,NIEHS,11,10.1016/j.neuro.2014.08.010
1275090,particle concentration,3,parts per million,,12,10.1016/j.neuro.2014.08.010
1275091,Duration Exposure,18,hours,,12,10.1016/j.neuro.2014.08.010
1275092,cell type,NULL,,N27,12,10.1016/j.neuro.2014.08.010
1275093,Subject Source,NULL,,NIEHS,12,10.1016/j.neuro.2014.08.010
1275094,particle concentration,5,parts per million,,13,10.1016/j.neuro.2014.08.010
1275095,Duration Exposure,18,hours,,13,10.1016/j.neuro.2014.08.010
1275096,cell type,NULL,,N27,13,10.1016/j.neuro.2014.08.010
1275097,Subject Source,NULL,,NIEHS,13,10.1016/j.neuro.2014.08.010
1275098,particle concentration,5,parts per million,,14,10.1016/j.neuro.2014.08.010
1275099,Duration Exposure,18,hours,,14,10.1016/j.neuro.2014.08.010
1275100,cell type,NULL,,N27,14,10.1016/j.neuro.2014.08.010
1275101,Subject Source,NULL,,NIEHS,14,10.1016/j.neuro.2014.08.010
1275102,particle concentration,5,parts per million,,15,10.1016/j.neuro.2014.08.010
1275103,Duration Exposure,18,hours,,15,10.1016/j.neuro.2014.08.010
1275104,cell type,NULL,,N27,15,10.1016/j.neuro.2014.08.010
1275105,Subject Source,NULL,,NIEHS,15,10.1016/j.neuro.2014.08.010
1275106,particle concentration,5,parts per million,,16,10.1016/j.neuro.2014.08.010
1275107,Duration Exposure,18,hours,,16,10.1016/j.neuro.2014.08.010
1275108,cell type,NULL,,N27,16,10.1016/j.neuro.2014.08.010
1275109,Subject Source,NULL,,NIEHS,16,10.1016/j.neuro.2014.08.010
1275110,particle concentration,0.5,parts per million,,17,10.1016/j.neuro.2014.08.010
1275111,Duration Exposure,18,hours,,17,10.1016/j.neuro.2014.08.010
1275112,cell type,NULL,,N27,17,10.1016/j.neuro.2014.08.010
1275113,Subject Source,NULL,,NIEHS,17,10.1016/j.neuro.2014.08.010
1275114,particle concentration,0.5,parts per million,,18,10.1016/j.neuro.2014.08.010
1275115,Duration Exposure,18,hours,,18,10.1016/j.neuro.2014.08.010
1275116,cell type,NULL,,N27,18,10.1016/j.neuro.2014.08.010
1275117,Subject Source,NULL,,NIEHS,18,10.1016/j.neuro.2014.08.010
1275118,particle concentration,0.5,parts per million,,19,10.1016/j.neuro.2014.08.010
1275119,Duration Exposure,18,hours,,19,10.1016/j.neuro.2014.08.010
1275120,cell type,NULL,,N27,19,10.1016/j.neuro.2014.08.010
1275121,Subject Source,NULL,,NIEHS,19,10.1016/j.neuro.2014.08.010
1275122,particle concentration,0.5,parts per million,,20,10.1016/j.neuro.2014.08.010
1275123,Duration Exposure,18,hours,,20,10.1016/j.neuro.2014.08.010
1275124,cell type,NULL,,N27,20,10.1016/j.neuro.2014.08.010
1275125,Subject Source,NULL,,NIEHS,20,10.1016/j.neuro.2014.08.010
1275126,particle concentration,1,parts per million,,21,10.1016/j.neuro.2014.08.010
1275127,Duration Exposure,18,hours,,21,10.1016/j.neuro.2014.08.010
1275128,cell type,NULL,,N27,21,10.1016/j.neuro.2014.08.010
1275129,Subject Source,NULL,,NIEHS,21,10.1016/j.neuro.2014.08.010
1275130,particle concentration,1,parts per million,,22,10.1016/j.neuro.2014.08.010
1275131,Duration Exposure,18,hours,,22,10.1016/j.neuro.2014.08.010
1275132,cell type,NULL,,N27,22,10.1016/j.neuro.2014.08.010
1275133,Subject Source,NULL,,NIEHS,22,10.1016/j.neuro.2014.08.010
1275134,particle concentration,1,parts per million,,23,10.1016/j.neuro.2014.08.010
1275135,Duration Exposure,18,hours,,23,10.1016/j.neuro.2014.08.010
1275136,cell type,NULL,,N27,23,10.1016/j.neuro.2014.08.010
1275137,Subject Source,NULL,,NIEHS,23,10.1016/j.neuro.2014.08.010
1275138,particle concentration,1,parts per million,,24,10.1016/j.neuro.2014.08.010
1275139,Duration Exposure,18,hours,,24,10.1016/j.neuro.2014.08.010
1275140,cell type,NULL,,N27,24,10.1016/j.neuro.2014.08.010
1275141,Subject Source,NULL,,NIEHS,24,10.1016/j.neuro.2014.08.010
1275142,particle concentration,3,parts per million,,25,10.1016/j.neuro.2014.08.010
1275143,Duration Exposure,18,hours,,25,10.1016/j.neuro.2014.08.010
1275144,cell type,NULL,,N27,25,10.1016/j.neuro.2014.08.010
1275145,Subject Source,NULL,,NIEHS,25,10.1016/j.neuro.2014.08.010
1275146,particle concentration,3,parts per million,,26,10.1016/j.neuro.2014.08.010
1275147,Duration Exposure,18,hours,,26,10.1016/j.neuro.2014.08.010
1275148,cell type,NULL,,N27,26,10.1016/j.neuro.2014.08.010
1275149,Subject Source,NULL,,NIEHS,26,10.1016/j.neuro.2014.08.010
1275150,particle concentration,3,parts per million,,27,10.1016/j.neuro.2014.08.010
1275151,Duration Exposure,18,hours,,27,10.1016/j.neuro.2014.08.010
1275152,cell type,NULL,,N27,27,10.1016/j.neuro.2014.08.010
1275153,Subject Source,NULL,,NIEHS,27,10.1016/j.neuro.2014.08.010
1275154,particle concentration,3,parts per million,,28,10.1016/j.neuro.2014.08.010
1275155,Duration Exposure,18,hours,,28,10.1016/j.neuro.2014.08.010
1275156,cell type,NULL,,N27,28,10.1016/j.neuro.2014.08.010
1275157,Subject Source,NULL,,NIEHS,28,10.1016/j.neuro.2014.08.010
1275158,particle concentration,5,parts per million,,29,10.1016/j.neuro.2014.08.010
1275159,Duration Exposure,18,hours,,29,10.1016/j.neuro.2014.08.010
1275160,cell type,NULL,,N27,29,10.1016/j.neuro.2014.08.010
1275161,Subject Source,NULL,,NIEHS,29,10.1016/j.neuro.2014.08.010
1275162,particle concentration,5,parts per million,,30,10.1016/j.neuro.2014.08.010
1275163,Duration Exposure,18,hours,,30,10.1016/j.neuro.2014.08.010
1275164,cell type,NULL,,N27,30,10.1016/j.neuro.2014.08.010
1275165,Subject Source,NULL,,NIEHS,30,10.1016/j.neuro.2014.08.010
1275166,particle concentration,5,parts per million,,31,10.1016/j.neuro.2014.08.010
1275167,Duration Exposure,18,hours,,31,10.1016/j.neuro.2014.08.010
1275168,cell type,NULL,,N27,31,10.1016/j.neuro.2014.08.010
1275169,Subject Source,NULL,,NIEHS,31,10.1016/j.neuro.2014.08.010
1275170,particle concentration,5,parts per million,,32,10.1016/j.neuro.2014.08.010
1275171,Duration Exposure,18,hours,,32,10.1016/j.neuro.2014.08.010
1275172,cell type,NULL,,N27,32,10.1016/j.neuro.2014.08.010
1275173,Subject Source,NULL,,NIEHS,32,10.1016/j.neuro.2014.08.010
